riferimento,tipologia,localizzazione proda,zona,lunghezza,larghezza,mq totali,mp totali,ultima coltivazione,orto 2022 primaverile,Sesto d'impianto,semina,trapianto,settimana ricevimento da vivaio,orto 2022 autunnale,giorno di semina,giorno di trapianto,semina,settimana di semina,settimana di trapianto,settimana ricevimento da vivaio
serre in basso,aperto,vb1,valle,18,120,"21,6",18,zucca,batata,,19-4,,,frumento,,,,,,
serre in basso,coperto,vb2s,valle,20,75,15,20,melone,aglio,37.5x15,02-03,,,cavolo cappuccio,,,,,,
serre in basso,coperto,vb3s,valle,20,75,15,20,zucchina,porro,,02-03,,,cavolo cappuccio,,,,,,
serre in basso,coperto,vb4s,valle,20,75,15,20,fava,pomodoro ciliegino,,23-3,,,cavolo cappuccio,,,,,,
serre in basso,coperto,vb5s,valle,20,75,15,20,fava,pomodoro ciliegino,,23-3,,,cavolo verza,,,,,,
serre in basso,coperto,vb6s,valle,20,75,15,20,anguria,aglio,37.5x12.5,02-03,,,cavolo verza,,,,,,
serre in basso,coperto,vb7s,valle,20,75,15,20,melanzana,daikon,,20-2,,,cavolo rapa,,,,,,
serre in basso,coperto,vb8s,valle,21,120,"25,2",21,peperone,daikon,,26-2,,,cavolo rapa,,,,,,
serre in basso,coperto,vb9s,valle,21,120,"25,2",21,verza,pomodoro ciliegino,,12-3,,,cavolfiore,,,,,,
serre in basso,coperto,vb10s,valle,21,75,"15,75",21,-,pomodoro,,23-3,,,cavolfiore,,,,,,
terrazzamento,aperto,va1,valle,20,75,15,20,fagiolo,pomodoro,,23-3,,,rucola,,,,,,
terrazzamento,aperto,va2,valle,20,75,15,20,fagiolo,pomodoro,,23-3,,,spinacio,,,,,,
terrazzamento,aperto,va3,valle,20,75,15,20,peperone,cipolla,37.5x12.5,11-3,,,bietola da taglio,,,,,,
terrazzamento,aperto,va4,valle,20,75,15,20,melanzana,carota,,27-2,,,insalata,,,,,,
serra grande,aperto,va5,valle,36,120,"43,2",36,bieta/finocchio,pomodoro,,23-3,,,cavolo riccio,,,,,,
serra grande,aperto,va6,valle,36,120,"43,2",36,carciofo,carciofo,,,,,carciofo,,,,,,
serra grande,coperto,sg1,valle,36,75,27,36,cavolo,cetriolo,,27-4,,,broccolo,,,,,,
serra grande,coperto,sg2,valle,36,75,27,36,pomodoro,aglio,37.5x15,02-03,,,cavolo cappuccio,,,,,,
serra grande,coperto,sg3,valle,36,75,27,36,pomodoro,aglio,37.5x12.5,02-03,,,cavolo cappuccio,,,,,,
serra grande,coperto,sg4,valle,36,75,27,36,pomodoro,aglio,37.5x15,02-03,,,cavolo verza,,,,,,
serra grande,coperto,sg5,valle,36,75,27,36,pomodoro,cipolla,37.5x12.5,11-3,,,cavolo verza,,,,,,
serra grande,coperto,sg6,valle,36,75,27,36,pomodoro,cipolla,37.5x15,11-3,,,cavolfiore,,,,,,
serra grande,coperto,sg7,valle,36,75,27,36,pomodoro,cipolla,37.5x12.5,11-3,,,cavolfiore,,,,,,
serra grande,coperto,sg8,valle,36,75,27,36,cavolo riccio,peperone,,27-4,,,cavolo bruxelles,,,,,,
zona susini,aperto,su1,valle,15,120,18,15,-,zucca,,26-4,,,bieta da costa,,,,,,
zona susini,aperto,su2,valle,15,120,18,15,porro,melone,,8-4,,,bieta da costa,,,,,,
zona susini,aperto,su3,valle,15,120,18,15,patata,batata,,19-4,,,pisello,,,,,,
zona susini,aperto,su4,valle,15,120,18,15,patata,zucca,,19-4,,,pisello,,,,,,
zona susini,aperto,su5,valle,15,120,18,15,zucca,cipolla,,11-3,,,fava,,,,,,
zona susini,aperto,su6,valle,15,120,18,15,zucca,cipolla,,11-3,,,fava,,,,,,
zona susini,aperto,su7,valle,15,120,18,15,frumento,patata,,09-03,,,rucola,,,,,,
zona susini,aperto,su8,valle,15,120,18,15,frumento,patata,,09-03,,,spinacio,,,,,,
zona susini,aperto,su9,valle,15,120,18,15,frumento,zucca,,09-03,,,bieta da taglio,,,,,,
orto nuovo,aperto,va27,valle,8,120,"9,6",8,zucca,insalata,,08-03,,,ravanello,,,,,,
orto nuovo,aperto,va27,valle,12,120,"14,4",12,zucca,carota,,02-03,,,pisello nano,,,,,,
orto nuovo,aperto,va27,valle,16,120,"19,2",16,zucca,carota,,02-03,,,pisello nano,,,,,,
orto nuovo,aperto,va28,valle,18,75,"13,5",18,patata,aglio scalogno,,02-03,,,fagiolo,,,,,,
orto nuovo,aperto,va29,valle,19,75,"14,25",19,patata,aglio scalogno,,02-03,,,fagiolo,,,,,,
orto nuovo,aperto,va30,valle,20,75,15,20,patata,aglio scalogno,,02-03,,,fagiolo,,,,,,
orto nuovo,aperto,va31,valle,21,75,"15,75",21,patata,basilico,,3-5,,,rapa,,,,,,
orto nuovo,aperto,va32,valle,22,75,"16,5",22,patata,basilico,,3-5,,,rapa,,,,,,
orto nuovo,aperto,va33,valle,24,75,18,24,patata,prezzemolo,,26-2,,,porro,,,,,,
orto nuovo,aperto,va34,valle,26,75,"19,5",26,patata,rucola,,21-2,,,zucchina,,,,,,
orto nuovo,aperto,va35,valle,27,75,"20,25",27,patata,spinacio,,25-2,,,pomodoro,,,,,,
orto nuovo,aperto,va36,valle,28,75,21,28,zucca,finocchio,,17-3,,,pisello,,,,,,
orto nuovo,aperto,va38,valle,29,75,"21,75",29,zucca,barbabietola,,28-2,,,pisello,,,,,,
orto nuovo,aperto,va39,valle,30,120,36,30,zucca,ravanello,,25-2,,,zucchina,,,,,,
orto nuovo,aperto,va41,valle,30,120,36,30,zucca,rapa,,25-2,,,pisello,,,,,,
entrata,aperto,b1,casa,12,120,"14,4",12,sedano,peperone,,17-4,,,fava,,,,,,
entrata,aperto,b2,casa,12,120,"14,4",12,porro,melanzana,,17-4,,,fava,,,,,,
serra su,coperto,b4s,casa,12,100,12,12,zucchina,fiori,,,,,,,,,,,
serra su,coperto,b5s,casa,12,100,12,12,zucchina,fagioli,,16-4,,,cavolo riccio,,,,,,
serra su,coperto,b6s,casa,12,75,9,12,prezzemolo,peperone,,17-4,,,cavolo nero,,,,,,
serra su,coperto,b7s,casa,12,120,"14,4",12,pomodoro,carota,,27-2,,,spinacio,,,,,,
orto su,aperto,b8,casa,8,100,8,8,porro,melanzana,,17-4,,,bietola da taglio,,,,,,
orto su,aperto,b9,casa,13,75,"9,75",13,insalata,carota,,27-2,,,pisello,,,,,,
orto su,aperto,b10,casa,13,75,"9,75",13,cavolo,zucchina,,28-4,,,porri,,,,,,
orto su,aperto,b11,casa,13,100,13,13,cavolo,zucchina,,28-4,,,porri,,,,,,
orto su,aperto,b12,casa,8,75,6,8,cavolo,zucchina,,28-4,,,fagiolo,,,,,,
orto su,aperto,b13,casa,8,75,6,8,prezzemolo,peperone,,17-4,,,fagiolo,,,,,,
orto su,aperto,b14,casa,8,75,6,8,melanzana,fiori,,,,,,,,,,,
peschi,aperto,b15s,casa,10,75,"7,5",10,cavolo nero,melanzana,,17-4,,,pisello,,,,,,
peschi,coperto,b16s,casa,10,75,"7,5",10,cavolo riccio,peperoncino,,27-3,,,,,,,,,
peschi,coperto,b17s,casa,10,75,"7,5",10,cavolo riccio,pomodoro ciliegino,,23-3,,,,,,,,,
peschi,coperto,b18s,casa,10,75,"7,5",10,finocchio,pomodoro ciliegino,,23-3,,,,,,,,,
peschi,coperto,b19s,casa,10,75,"7,5",10,cavolo nero,peperoncino,,27-3,,,,,,,,,
