ID,Lato,Colonna,Fila,Posto,Varietà,Anno Produzione,Peso,Germinabilità,Ibrido,Note
270,S,999,0,1,RTH17,2017,3000,,,
271,S,999,0,2,RTH33,2017,3000,,,
272,S,999,0,3,RTH27,2017,3000,,,
273,S,999,0,4,SYN-RI-20530,2017,2000,,,
274,S,999,0,5,SYN-RI-NA-9531,2017,1000,,,
275,S,999,0,6,RFH1612284,2017,1500,,,
276,S,999,0,7,RTF1612282,2017,1500,,,
277,S,999,0,8,SYN-RI-NB9531,2017,400,,,
478,S,999,0,9,Isabela,2021,1700,,,3G/21
479,S,999,0,10,Grifone,2021,1500,,,2G/21
1,S,100,1, 1 ,Carnaroli,2020,550,,,
2,S,100,1, 2 ,Lemont,2020,550,,,
3,S,100,1, 3 ,Gladio,2020,550,,,
4,S,100,1, 4 ,Ariete,2020,550,,,
5,S,100,1, 5 ,CL12,2020,550,,,
6,S,100,1, 6 ,Alegre,2020,550,,,
7,S,100,1, 7 ,Dardo,2020,550,,,
8,S,100,1, 8 ,Centauro,2020,550,,,
9,S,100,1, 9 ,Baldo,2020,550,,,
10,S,100,1, 10 ,Karnak,2020,550,,,
11,S,100,1, 11 ,Lampo,2020,550,,,
12,S,100,1, 12 ,Galatxo,2020,550,,,
13,S,100,1, 13 ,Diana,2020,412,,,
14,S,100,1, 14 ,Ermes,2020,550,,,
15,S,100,1, 15 ,Copsemar9,2020,550,,,
16,S,100,1, 16 ,Dorella,2020,550,,,
17,S,100,2, 1 ,Irene,2020,550,,,
18,S,100,2, 2 ,Isabella,2020,550,,,
19,S,100,2, 3 ,Lince,2020,550,,,
20,S,100,2, 4 ,Veta,2020,550,,,
21,S,100,2, 5 ,Lido,2020,550,,,
22,S,100,2, 6 ,Roma,2020,550,,,
23,S,100,2, 7 ,Puntal,2020,550,,,
24,S,100,2, 8 ,Luna CL,2020,550,,,
25,S,100,2, 9 ,Moleta,2020,400,,,
26,S,100,2, 10 ,Macarico,2020,400,,,
27,S,100,2, 11 ,Yume,2020,550,,,
28,S,100,2, 12 ,Guadiamar,2020,550,,,
29,S,100,2, 13 ,Onice,2020,550,,,
30,S,100,2, 14 ,Tea,2020,550,,,
31,S,100,2, 15 ,Thaibonnet,2020,550,,,
32,S,100,2, 16 ,Volano,2020,550,,,
33,S,100,3, 1 ,Solù,2020,550,,,
34,S,100,3, 2 ,SYCR86,2009,550,,S,
35,S,100,3, 3 ,Senia,2014,550,,,
36,S,100,3, 4 ,Thainato,2018,550,,,
37,S,100,3, 5 ,SYCR85,2009,550,,S,
38,S,100,3, 6 ,SYCR73,2008,100,,,
39,S,100,3, 7 ,Marquesa,2013,550,,,
40,S,100,3, 8 ,SYCR72,2009,530,,S,
41,S,100,3, 9 ,Puebla,2017,500,,,
42,S,100,3, 10 ,Ricastello,2014,700,,,
43,S,100,3, 11 ,Susan,2017,550,,,
44,S,100,3, 12 ,SYCR90,2008,100,,S,
45,S,100,3, 13 ,Bahia,2018,550,,,
46,S,100,3, 14 ,Betis,2015,500,,,
47,S,100,3, 15 ,SYCR128,2018,90,,S,
48,S,100,3, 16 ,Jacinto,2014,500,,,
49,S,100,4, 1 ,Marjal,2017,500,,,
50,S,100,4, 2 ,Ilda,2017,500,,,
51,S,100,4, 3 ,Guara,2018,500,,,
52,S,100,4, 4 ,Pinana,2016,500,,,
53,S,100,4, 5 ,Marisma,2017,500,,,
54,S,100,4, 6 ,Ispagran,2017,500,,,
55,S,100,4, 7 ,Mareny,2017,500,,,
56,S,100,4, 8 ,Guadiagran,2018,500,,,
57,S,100,4, 9 ,Leda,2017,500,,,
58,S,100,4, 10 ,Montsianell,2013,450,,,
59,S,100,4, 11 ,Gleva,2017,500,,,
60,S,100,4, 12 ,Benisants,2013,500,,,
61,S,100,4, 13 ,Hidalgo,2014,500,,,
62,S,100,4, 14 ,Fani,2013,500,,,
63,S,100,4, 15 ,Fanicris,2016,500,,,
64,S,100,4, 16 ,Okura,2018,500,,,
65,S,100,5, 1 ,Orellana,2017,500,,,
66,S,100,5, 2 ,Fonsa,2014,500,,,
67,S,100,5, 3 ,Hispamar,2014,400,,,
68,S,100,5, 4 ,Pecos,2018,500,,,
69,S,100,5, 5 ,Bombonet,2014,500,,,
70,S,100,5, 6 ,Niva,2016,500,,,
71,S,100,5, 7 ,Gavina,2014,500,,,
72,S,100,5, 8 ,Galo,2014,500,,,
73,S,100,5, 9 ,Mata,2014,500,,,
74,S,100,5, 10 ,Manuela,2015,500,,,
75,S,100,5, 11 ,Maso,2017,500,,,
76,S,100,5, 12 ,Brisa,2013,500,,,
77,S,100,5, 13 ,Castells,2013,500,,,
78,S,100,5, 14 ,Cala,2014,500,,,
79,S,100,5, 15 ,Afar,2017,500,,,
80,S,100,5, 16 ,Albufera,2017,500,,,
81,S,100,6, 1 ,Albada,2016,500,,,
82,S,100,6, 2 ,Alena,2016,500,,,
83,S,100,6, 3 ,BalillaxSollana,2016,500,,,
84,S,100,6, 4 ,Bendret,2013,500,,,
85,S,100,6, 5 ,Calca,2017,500,,,
86,S,100,6, 6 ,Baixet,2017,500,,,
87,S,100,6, 7 ,Carlet,2014,500,,,
88,S,100,6, 8 ,Rousty,2016,500,,,
89,S,100,6, 9 ,Sambuc,2017,500,,,
90,S,100,6, 10 ,Rouille,2016,500,,,
91,S,100,6, 11 ,Tiber,2016,500,,,
92,S,100,6, 12 ,Zefir,2014,500,,,
93,S,100,6, 13 ,Keope,2018,500,,,
94,S,100,6, 14 ,Polizesti 28,2014,500,,,
95,S,100,6, 15 ,Paty,2016,500,,,
96,S,100,6, 16 ,Riege,2016,500,,,
97,S,100,7, 1 ,Caravaggio,2018,500,,,
98,S,100,7, 2 ,Emma,2018,500,,,
99,S,100,7, 3 ,Cambon,2016,500,,,
100,S,100,7, 4 ,Manoby,2016,500,,,
101,S,100,7, 5 ,Cassiopea,2018,500,,,
102,S,100,7, 6 ,Impuls,2015,500,,,
103,S,100,7, 7 ,Catullo,2017,500,,,
104,S,100,7, 8 ,Cleopatra,2017,500,,,
105,S,100,7, 9 ,Dunarea,2013,500,,,
106,S,100,7, 10 ,Elida,2014,500,,,
107,S,100,7, 11 ,Magic,2014,500,,,
108,S,100,7, 12 ,Cellini,2018,500,,,
109,S,100,7, 13 ,Insubria,2014,500,,,
110,S,100,7, 14 ,Cirene,2015,500,,,
111,S,100,7, 15 ,Cammeo,2012,500,,,
112,S,100,7, 16 ,Calliope,2018,500,,,
113,S,100,8, 1 ,Ardea,2017,500,,,
114,S,100,8, 2 ,Feronio,2018,500,,,
115,S,100,8, 3 ,Lomello,2017,500,,,
116,S,100,8, 4 ,Gritna,2018,500,,,
117,S,100,8, 5 ,Faro,2018,500,,,
118,S,100,8, 6 ,Fortuna,2018,500,,,
119,S,100,8, 7 ,Greggio,2018,500,,,
120,S,100,8, 8 ,Giovanni Marchetti,2017,500,,,
121,S,100,8, 9 ,Lucero,2013,500,,,
122,S,100,8, 10 ,Ardizzone,2018,500,,,
123,S,100,8, 11 ,Lieto,2018,500,,,
124,S,100,8, 12 ,Indio,2017,500,,,
125,S,100,8, 13 ,Calmochi 101,2018,500,,,
126,S,100,8, 14 ,Agostano,2018,500,,,
127,S,100,8, 15 ,Airone,2018,400,,,
128,S,100,8, 16 ,Italico Roncarolo,2017,500,,,
129,S,200,1, 1 ,Balocco,2018,500,,,
130,S,200,1, 2 ,Allorio,2018,500,,,
132,S,200,1, 3 ,Balzaretti,2018,300,,,
133,S,200,1, 4 ,Anseatico,2018,500,,,
134,S,200,1, 5 ,Bonni,2017,500,,,
135,S,200,1, 6 ,Auro,2017,500,,,
136,S,200,1, 7 ,Bellardone,2017,500,,,
137,S,200,1, 8 ,Castello,2017,500,,,
138,S,200,1, 9 ,Adelaide Chiappelli,2017,500,,,
139,S,200,1, 10 ,Balilla GG,2017,500,,,
140,S,200,1, 11 ,Benito,2017,500,,,
141,S,200,1, 12 ,Trèbon,2018,500,,,
142,S,200,1, 13 ,Aurelia,2018,500,,,
143,S,200,1, 14 ,Tamarin,2017,500,,,
144,S,200,1, 15 ,Caban,2016,500,,,
145,S,200,1, 16 ,Tam Tam,2014,500,,,
146,S,200,2, 1 ,Paco,2018,500,,,
147,S,200,2, 2 ,Sirbal,2016,500,,,
148,S,200,2, 3 ,Mambo,2018,350,,,
149,S,200,2, 4 ,Soulanet,2016,500,,,
150,S,200,2, 5 ,Copsemar7,2018,500,,,
151,S,200,2, 6 ,Potencia,2018,500,,,
152,S,200,2, 7 ,Toll,2018,500,,,
153,S,200,2, 8 ,Mistral,2018,250,,,
154,S,200,2, 9 ,Vaccares,2015,500,,,
155,S,200,2, 10 ,Tolima,2012,200,,,
156,S,200,2, 11 ,Arodelta,2018,500,,,
157,S,200,2, 12 ,Ansar,2018,500,,,
158,S,200,2, 13 ,Carognan,2018,500,,,
159,S,200,2, 14 ,Illeta,2016,500,,,
160,S,200,2, 15 ,Antara,2015,500,,,
161,S,200,2, 16 ,Bombom,2018,500,,,
162,S,200,3, 1 ,Gavella,2016,500,,,
163,S,200,3, 2 ,Argila,2015,500,,,
164,S,200,3, 3 ,Soto,2016,500,,,
165,S,200,3, 4 ,Lirio,2016,500,,,
166,S,200,3, 5 ,Olesa,2018,501,,,
167,S,200,3, 6 ,Fleixa,2016,502,,,
168,S,200,3, 7 ,Delicia,2018,503,,,
169,S,200,3, 8 ,Estany,2016,504,,,
170,S,200,3, 9 ,RTM22,2018,505,,,
171,S,200,3, 10 ,RTM21,2018,506,,,
172,S,200,3, 11 ,RTID3858,2011,50,,,
173,S,200,3, 12 ,RTID3547,2011,100,,,
174,S,200,3, 13 ,RTID3858,2011,290,,,Parentale F ECCO 63
180,S,200,3, 13 ,RTID4639,2011,290,,,Parentale M ECCO 63
175,S,200,3, 14 ,SYNRINB95321,2018,550,,,
176,S,200,3, 15 ,RTID4631,2012,500,,,Parentale F ECCO51CL
177,S,200,3, 16 ,RTID4355,2014,500,,,
178,S,200,4, 1 ,RTID4631,2012,500,,,
179,S,200,4, 2 ,RTID3854,,100,,,
181,S,200,4, 3 ,RTID4639,2016,450,,,
182,S,200,4, 4 ,RTID4639,2012,500,,,Parentale M ECCO 61
183,S,200,4, 5 ,RTID4631,2011,150,,,Parentale F ECCO 51 CL
184,S,200,4, 6 ,RTID4355,2011,150,,,Parentale M ECCO51 CL
185,S,200,4, 7 ,RTID3854,2014,250,,,
186,S,200,4, 8 ,RTID3858,2011,450,,,
187,S,200,4, 9 ,SYNRINRXOVR1007,2018,500,,,
188,S,200,4, 10 ,RTID3856,,100,,,
189,S,200,4, 11 ,RTID3856,2011,350,,,
190,S,200,4, 12 ,RTID3547,2014,600,,,
191,S,200,4, 13 ,RTID3856,,80,,,Parentale F CLXL729
192,S,200,4, 14 ,RTID3858,,40,,,Parentale F CLXL745
193,S,200,4, 15 ,Cormoran,2014,500,,,
194,S,200,4, 16 ,Yucar,2014,500,,,
195,S,200,5, 1 ,Minima,2014,500,,,
196,S,200,5, 2 ,Jsendra,2016,500,,,
197,S,200,5, 3 ,Donana,2017,500,,,
198,S,200,5, 4 ,Delta,2016,500,,,
199,S,200,5, 5 ,Delmar,2014,500,,,
200,S,200,5, 6 ,SP601,,200,,,
201,S,200,5, 7 ,Clavel,2013,500,,,
202,S,200,5, 8 ,Clot,2016,500,,,
203,S,200,5, 9 ,Espidio,2017,400,,,
204,S,200,5, 10 ,Bomba,2016,500,,,
205,S,200,5, 11 ,Montell,2014,500,,,
206,S,200,5, 12 ,Fanga,2018,500,,,
207,S,200,5, 13 ,Fado,2017,500,,,
208,S,200,5, 14 ,SP602,2009,190,,,
209,S,200,5, 15 ,Tebre,2015,500,,,
210,S,200,5, 16 ,Sarcet,2014,500,,,
211,S,200,6, 1 ,Sivret,2014,500,,,
212,S,200,6, 2 ,Presen,2014,500,,,
213,S,200,6, 3 ,Ripallo,2016,500,,,
214,S,200,6, 4 ,Ullal,2018,500,,,
215,S,200,6, 5 ,Perfum,2015,500,,,
216,S,200,6, 6 ,Thaiperla,2018,500,,,
217,S,200,6, 7 ,Skybonnet,2016,500,,,
218,S,200,6, 8 ,Thaibonnet,2018,500,,,Verificare con Thai
219,S,200,6, 9 ,Riet,2014,500,,,
220,S,200,6, 10 ,Veneria,2012,450,,,
221,S,200,6, 11 ,Veta,2014,300,,,
232,S,200,6, 12 ,Nuovo Maratelli,2014,450,,,
233,S,200,6, 13 ,Opale,2013,200,,,
234,S,200,6, 14 ,Onda,2013,500,,,
235,S,200,6, 15 ,Piemonte,2016,500,,,
236,S,200,6, 16 ,Precocissimo Molina,2013,300,,,
237,S,200,7, 1 ,Perla,2013,450,,,
238,S,200,7, 2 ,Proteo,2016,500,,,
239,S,200,7, 3 ,Pierrot,2015,200,,,
240,S,200,7, 4 ,Puma,2013,500,,,
241,S,200,7, 5 ,Prometeo,2015,500,,,
242,S,200,7, 6 ,Padano,2013,350,,,
243,S,200,7, 7 ,Primo,2016,500,,,
244,S,200,7, 8 ,Ninfa,2015,500,,,
245,S,200,7, 9 ,Mirko,2017,500,,,
246,S,200,7, 10 ,Nero Beppino,2014,200,,,
247,S,200,7, 11 ,Libero,2016,300,,,
222,S,200,7, 12 ,Neve,2017,500,,,
223,S,200,7, 13 ,Pato,2017,500,,,
224,S,200,7, 14 ,Molina,2015,300,,,
225,S,200,7, 15 ,Presto,2016,450,,,
226,S,200,7, 16 ,Nembo,2017,500,,,
227,S,200,8, 1 ,Onice,2018,300,,,
228,S,200,8, 2 ,Pegaso,2015,500,,,
229,S,200,8, 3 ,Pony,2016,500,,,
230,S,200,8, 4 ,Perseo,2015,500,,,
231,S,200,8, 5 ,Poseidone,2016,500,,,
248,S,200,8, 6 ,Oceano,2015,500,,,
249,S,200,8, 7 ,Koral,2014,900,,,
250,S,200,8, 8 ,Mercurio,2016,500,,,
251,S,200,8, 9 ,Orione,2014,320,,,
252,S,200,8, 10 ,Ibis,2015,550,,,
253,S,200,8, 11 ,Karnak,2013,200,,,
254,S,200,8, 12 ,Kolorado,2013,400,,,
256,S,200,8, 13 ,Italmochi,2016,500,,,
257,S,200,8, 14 ,Lomellino,2016,600,,,
258,S,200,8, 15 ,King,2015,600,,,
259,S,200,8, 16 ,Luxor,2014,500,,,
260,S,300,1, 1 ,Mare CL,2015,500,,,
261,S,300,1, 2 ,Lagostino,2018,500,,,
262,S,300,1, 3 ,Luna CL,2013,500,,,
263,S,300,1, 4 ,Lamone,2015,500,,,
264,S,300,1, 5 ,Lido,2018,500,,,
265,S,300,1, 6 ,Loto,2013,70,,,
266,S,300,1, 7 ,Lince,2013,400,,,
267,S,300,1, 8 ,Marte,2013,500,,,
268,S,300,1, 9 ,Lampo,2015,200,,,
269,S,300,1, 10 ,Nerone,2014,40,,,
278,S,300,1, 11 ,Cesare,2015,400,,,
279,S,300,1, 12 ,Cervo,2015,600,,,
280,S,300,1, 13 ,Megumi,2018,400,,,
281,S,300,1, 14 ,Carmen,2015,600,,,
282,S,300,1, 15 ,Carnise,2018,300,,,
283,S,300,1, 16 ,Carnise precoce,2018,600,,,
284,S,300,2, 1 ,CL12,2015,300,,,
285,S,300,2, 2 ,Castelmochi,2016,500,,,
286,S,300,2, 3 ,Cripto,2018,500,,,
287,S,300,2, 4 ,Centauro,2013,270,,,
288,S,300,2, 5 ,Flipper,2013,500,,,
289,S,300,2, 6 ,CL26,2013,80,,,
290,S,300,2, 7 ,Condor,2018,500,,,
291,S,300,2, 8 ,CLXL 745,2010,260,,,
292,S,300,2, 9 ,Cobra,2015,500,,,
293,S,300,2, 10 ,CL46,2015,400,,,
294,S,300,2, 11 ,Corimbo,2016,470,,,
295,S,300,2, 12 ,CRLB1,2013,330,,,
296,S,300,2, 13 ,Castore,2016,480,,,
297,S,300,2, 14 ,CL71,2013,350,,,
298,S,300,2, 15 ,CRW3,2013,500,,,
299,S,300,2, 16 ,Carnaroli,2013,380,,,
300,S,300,3, 1 ,Creso,2017,500,,,
301,S,300,3, 2 ,Centro,2015,500,,,
302,S,300,3, 3 ,Falco,2015,500,,,
303,S,300,3, 4 ,Crono,2013,500,,,
304,S,300,3, 5 ,CL80,2015,500,,,
305,S,300,3, 6 ,Unico,2017,500,,,
306,S,300,3, 7 ,Chimera,2014,500,,,
307,S,300,3, 8 ,Meco,2015,260,,,
308,S,300,3, 9 ,Minerva,2017,500,,,
309,S,300,3, 10 ,Medea,2016,400,,,
310,S,300,3, 11 ,Gigante,2016,380,,,
311,S,300,3, 12 ,Gemini,2014,500,,,
312,S,300,3, 13 ,Generale,2017,420,,,
313,S,300,3, 14 ,Genio,2014,930,,,
314,S,300,3, 15 ,Galassia,2017,580,,,
315,S,300,3, 16 ,Musa,2014,500,,,
316,S,300,4, 1 ,Giglio,2013,340,,,
317,S,300,4, 2 ,Giano,2017,500,,,
318,S,300,4, 3 ,Giove,2016,500,,,
319,S,300,4, 4 ,Garda,2016,500,,,
320,S,300,4, 5 ,Gloria,2015,500,,,
321,S,300,4, 6 ,Galileo,2018,500,,,
322,S,300,4, 7 ,Gange,2017,500,,,
323,S,300,4, 8 ,Giada,2015,500,,,
324,S,300,4, 9 ,Fragrance,2014,500,,,
325,S,300,4, 10 ,Fenis,2015,500,,,
326,S,300,4, 11 ,Furia CL,2017,500,,,
327,S,300,4, 12 ,Fedra,2015,500,,,
328,S,300,4, 13 ,Febo,2015,500,,,
329,S,300,4, 14 ,Fenice,2016,500,,,
330,S,300,4, 15 ,Europa,2017,500,,,
331,S,300,4, 16 ,Elio,2018,500,,,
332,S,300,5, 1 ,Elettra,2015,500,,,
333,S,300,5, 2 ,Eurosis,2017,500,,,
334,S,300,5, 3 ,Aiace,2017,500,,,
335,S,300,5, 4 ,Arco,2015,500,,,
336,S,300,5, 5 ,Agata,2015,450,,,
337,S,300,5, 6 ,Arborio,2017,500,,,
338,S,300,5, 7 ,Ares,2015,500,,,
339,S,300,5, 8 ,Fast,2015,500,,,
340,S,300,5, 9 ,Alice,2014,500,,,
341,S,300,5, 10 ,Albatros,2013,500,,,
347,S,300,5, 11 ,Alpe,2016,500,,,
342,S,300,5, 12 ,Antares,2013,150,,,
343,S,300,5, 13 ,ECCO 51 CL,2012,170,,Y,
344,S,300,5, 14 ,Ellebi,2013,500,,,
345,S,300,5, 15 ,Apollo,2014,350,,,
346,S,300,5, 16 ,Aleramo,2015,500,,,
348,S,999,0,0,SYN-RI-NR XaR1007,2017,410,,,
349,S,300,6, 1 ,Elba,2014, ,,,
350,S,300,6, 2 ,Eridano,2015,600,,,
351,S,300,6, 3 ,ECCO 61,2012,450,,,
352,S,300,6, 4 ,Ebro,2014,450,,,
353,S,300,6, 5 ,Eolo,2018,500,,,
354,S,300,6, 6 ,Arpa,2017,600,,,
355,S,300,6, 7 ,Astro,2015,600,,,
356,S,300,6, 8 ,Asso,2015,600,,,
357,S,300,6, 9 ,Artemide,2018,500,,,
358,S,300,6, 10 ,ECCO 63,2011,300,,,
359,S,300,6, 11 ,Ariosto,2014,500,,,
360,S,300,6, 12 ,Augusto,2018,600,,,
361,S,300,6, 13 ,Aniride,2014,300,,,
362,S,300,6, 14 ,Arsenal,2018,700,,,
363,S,300,6, 15 ,Argo,2013,450,,,
364,S,300,6, 16 ,Asia,2014,450,,,
365,S,300,7, 1 ,Ariosto,2015,328,,,
366,S,300,7, 2 ,Ercole,2018,500,,,
367,S,300,7, 3 ,Allegro,2014,150,,,
368,S,300,7, 4 ,Ariete,2013,300,,,
369,S,300,7, 5 ,Artiglio,2013,300,,,
370,S,300,7, 6 ,Atlantis,2013,500,,,
371,S,300,7, 7 ,CL15,2013,450,,,
372,S,300,7, 8 ,Carnaval,2014,500,,,
373,S,300,7, 9 ,CL31,2014,250,,,
374,S,300,7, 10 ,CL111,2014,250,,,
375,S,300,7, 11 ,Drago,2018,600,,,
376,S,300,7, 12 ,Cammeo,2018,400,,,
377,S,300,7, 13 ,Casanova,2014,250,,,
378,S,300,7, 14 ,Ducato,2017,600,,,
379,S,300,7, 15 ,Dedalo,2015,600,,,
380,S,300,7, 16 ,Dante,2017,600,,,
381,S,300,8, 1 ,Barone CL,2018,500,,,
382,S,300,8, 2 ,Baldo,2013,500,,,
383,S,300,8, 3 ,Brio,2017,600,,,
384,S,300,8, 4 ,Dardo,2013,300,,,
385,S,300,8, 5 ,Brezza,2015,250,,,
386,S,300,8, 6 ,Bali,2016,500,,,
387,S,300,8, 7 ,Bravo,2014,500,,,
388,S,300,8, 8 ,Deneb,2018,500,,,
389,S,300,8, 9 ,Bianca,2013,450,,,
390,S,300,8, 10 ,Bacco,2013,400,,,
391,S,300,8, 11 ,Balilla,2018,600,,,
392,S,300,8, 12 ,Delfino,2013,450,,,
393,S,300,8, 13 ,Ferraris,2017,500,,,
394,S,300,8, 14 ,Italico Livorno,2018,600,,,
395,S,300,8, 15 ,Sesila,2017,500,,,
396,S,300,8, 16 ,Italpatna48,2018,600,,,
397,S,400,1, 1 ,Sirion,2018,500,,,
398,S,400,1, 2 ,Italico,2018,600,,,
399,S,400,1, 3 ,La Ferla,2018,500,,,
400,S,400,1, 4 ,Trionfo Fassone,2018,400,,,
401,S,400,1, 5 ,Roncarolo,2017,600,,,
402,S,400,1, 6 ,Orion,2018,500,,,
403,S,400,1, 7 ,Rizzotto,2017,430,,,
404,S,400,1, 8 ,Rocca,2017,450,,,
405,S,400,1, 9 ,Ribello,2017,600,,,
406,S,400,1, 10 ,Romanico,2018,300,,,
407,S,400,1, 11 ,Orione,2018,550,,,
408,S,400,1, 12 ,Precoce Monticelli,2017,600,,,
409,S,400,1, 13 ,Petronio,2018,600,,,
410,S,400,1, 14 ,Raffaello,2018,400,,,
411,S,400,1, 15 ,Senatore Novelli,2018,500,,,
412,S,400,1, 16 ,Olcenengo,2018,550,,,
413,S,400,2, 1 ,San Rocco,2017,500,,,
414,S,400,2, 2 ,Ranghino,2017,600,,,
415,S,400,2, 3 ,Oldenico,2018,100,,,
416,S,400,2, 4 ,Gilda,2015,1000,,,Registro 2015
417,S,400,2, 5 ,Marchese CL,2015,900,,,Controllare che non sia Re CL
418,S,400,2, 6 ,Fuoco,2015,900,,,
419,S,400,2, 7 ,Ilmoro,2015,900,,,
420,S,400,2, 8 ,Verele (Non iscritta),2015,900,,,
421,S,400,2, 9 ,San Luca,2015,900,,,
422,S,400,2, 10 ,Fiamma,2015,950,,,
423,S,400,2, 11 ,CL33,2015,800,,,
424,S,400,2, 12 ,CL28,2015,1000,,,
425,S,400,2, 13 ,Gelso,2015,1000,,,
426,S,400,2, 14 ,Apache-Red,2015,900,,,
427,S,400,2, 15 ,Anteo,2015,950,,,
428,S,400,2, 16 ,Sapi-GV,2015,950,,,
429,S,400,3, 1 ,Telemaco,2015,900,,,
430,S,400,3, 2 ,Marchese CL,2016,600,,,Registro 2016
431,S,400,3, 3 ,Massimo,2016,800,,,Registro 2016
432,S,400,3, 4 ,Valente,2016,1000,,,"Registro 2016, ex Aurelio"
433,S,400,3, 5 ,Cla01,2016,600,,,Registro 2016
434,S,400,3, 6 ,2G/16,2016,500,,,Registro 2016
435,S,400,3, 7 ,3G/16,2016,650,,,Registro 2016
436,S,400,3, 8 ,Samurai,2016,700,,,Registro 2016
437,S,400,3, 9 ,Inov CL,2016,650,,Y,Registro 2016
438,S,400,3, 10 ,Meridio,2016,800,,,Registro 2016
439,S,400,3, 11 ,Re CL,2016,250,,,"Registro 2016, Controllare con Marchese CL"
440,S,400,3, 12 ,RG202,2016,600,,,Registro 2016
441,S,400,3, 13 ,Il Cardinale,2016,400,,,Registro 2016
442,S,400,3, 14 ,PVL136,2016,600,,,Registro 2016
443,S,400,3, 15 ,Marco,2016,700,,,Registro 2016
444,S,400,3, 16 ,Regina,2016,700,,,Registro 2016
445,S,400,4, 1 ,Telemaco,2016,650,,,Registro 2016
446,S,400,4, 2 ,Suami,2016,800,,,Registro 2016
447,S,400,4, 3 ,RTID6121,2016,650,,,Registro 2016
448,S,400,4, 4 ,Apache-Red,2016,600,,,Registro 2016
449,S,400,4, 5 ,Ghiaccio,2016,500,,,Registro 2016
450,S,400,4, 13 ,1G/16,2016,500,,,Registro 2016
451,S,400,4, 6 ,4G/16,2016,500,,,Registro 2016
452,S,400,4, 7 ,RG201,2016,650,,,Registro 2016
453,S,400,4, 8 ,Violet Nori,2016,450,,,Registro 2016
454,S,400,4, 9 ,PV1010,2016,500,,,Registro 2016
455,S,400,4, 10 ,Macchiavelli,2016,650,,,Registro 2016
456,S,400,4, 11 ,Ilmoro,2016,700,,,Registro 2016
457,S,400,4, 12 ,CL33,2016,750,,,Registro 2016
458,S,400,4, 14 ,Anteo,2016,700,,,Registro 2016
459,S,400,4, 15 ,Fiamma,2016,600,,,Registro 2016
460,S,400,4, 16 ,Felix,2016,600,,,Registro 2016
461,S,400,5, 1 ,4C/15,2016,700,,,Registro 2016
462,S,400,5, 2 ,Fuoco,2016,800,,,Registro 2016
463,S,400,5, 3 ,Gilda,2016,600,,,Registro 2016
464,S,400,5, 4 ,RTID4706,2016,700,,,Registro 2016
465,S,400,5, 5 ,Mirai,2016,730,,,Registro 2016
466,S,400,5, 6 ,CL388,2016,1000,,,Registro 2016
467,S,400,5, 7 ,CL28,2016,650,,,Registro 2016
468,S,400,5, 8 ,San Luca,2016,700,,,Registro 2016
469,S,400,5, 9 ,Sapi-GV,2016,700,,,Registro 2016
470,S,400,5, 10 ,Ariete,2016,800,,,Registro 2016
471,S,400,5, 11 ,Gelso,2016,850,,,Registro 2016
472,S,400,5, 12 ,Delfo,2016,800,,,Registro 2016
473,S,400,5, 13 ,Tiberio,2018,700,,,Registro 2018
474,S,400,5, 14 ,Corsaro,2018,600,,,Registro 2018
475,S,400,5, 15 ,CLM1,2018,350,,,Registro 2018
476,S,400,5, 16 ,Nemo,2018,700,,,Registro 2018
477,S,400,6, 1 ,Kori,2018,700,,,Registro 2018
480,S,400,6, 2 ,Gioiello,2021,700,,,
481,S,400,6, 3 ,Gioiello,2021,510,,,
482,S,400,6, 4 ,Zar,2018,700,,,Registro 2018
483,S,400,6, 5 ,CLM2,2018,300,,,Registro 2018
484,S,400,6, 6 ,Avana Gold,2018,620,,,Registro 2018
485,S,400,6, 7 ,PVL024B,2018,730,,,Registro 2018
486,S,400,6, 8 ,PVL01,2018,700,,,Registro 2018
487,S,400,6, 9 ,CL35,2018,750,,,Registro 2018
488,S,400,6, 10 ,CL510,2018,630,,,Registro 2018
489,S,400,6, 11 ,Massimo,2018,650,,,Registro 2018
490,S,400,6, 12 ,Penelope,2018,670,,,Registro 2018
491,S,400,6, 13 ,Laser,2018,700,,,Registro 2018
492,S,400,6, 14 ,RG101,2018,600,,,Registro 2018
493,S,400,6, 15 ,RG203,2018,600,,,Registro 2018
494,S,400,6, 16 ,CL18,2018,700,,,Registro 2018
495,S,400,7, 1 ,Real,2018,700,,,Registro 2018
496,S,400,7, 2 ,Nairobi One,2018,650,,,Registro 2018
497,S,400,7, 3 ,SYN-RI-NR XaR1007,2018,550,,,Registro 2018
498,S,400,7, 4 ,SYN-RI-NA 9531,2018,500,,,Registro 2018
499,S,400,7, 5 ,SYN-RI-NB 9531,2018,520,,,Registro 2018
500,S,400,7, 6 ,RTF11,2018,550,,,Registro 2018
501,S,400,7, 7 ,ECCO 977FP,2018,450,,,"Registro 2018, RFH282"
503,S,400,7, 8 ,Verelè,2018,730,,,Registro 2018
504,S,400,7, 9 ,SJKT,2018,650,,,Registro 2018
505,S,400,7, 10 ,Virgilio,2018,700,,,Registro 2018
506,S,400,7, 11 ,SYN-RI-20530,2018,450,,,Registro 2018
507,S,400,7, 12 ,Everest,2018,550,,,Registro 2018
508,S,400,7, 13 ,SJKK,2018,750,,,Registro 2018
509,S,400,7, 14 ,Golia,2018,700,,,Registro 2018
510,S,400,7, 15 ,Omega CL,2018,750,,,Registro 2018
511,S,400,7, 16 ,PVL136,2018,550,,,Registro 2018
512,S,400,8, 1 ,RG17810/1/1/2,2018,300,,,Registro 2018
513,S,400,8, 2 ,Duilio,2018,620,,,Registro 2018
514,S,400,8, 3 ,RTM21,,540,,,Registro 2018
515,S,400,8, 4 ,ECCO975FP,,300,,,Registro 2018
516,S,400,8, 5 ,RTM22,,550,,,Registro 2018
517,S,400,8, 6 ,Colonnello,,250,,,Registro 2018
518,S,400,8, 7 ,SAPD2101,2021,450,,,Inew 2021
502,S,400,8, 8 ,Lusitano,2018,500,,,Registro 2018
519,S,400,8, 9 ,Caroly,2018,1000,,,2R/19
520,S,400,8, 10 ,CL18,2020,1000,,,9R/18
521,S,400,8, 11 ,LASJKK20,2020,1000,,,44R/20
522,S,400,8, 12 ,CL007,2020,1000,,,30R/20
523,S,400,8, 13 ,Sibilla,2020,1000,,,20R/21
524,S,400,8, 14 ,4Ri17/164,2020,1000,,,33R/21
525,S,400,8, 15 ,SJKT21,2020,1000,,,2c/21
526,S,400,8, 16 ,Sunrose PV,2020,1000,,,11R/21
527,S,500,1, 1 ,BST2,2020,1000,,,13R/19
528,S,500,1, 2 ,RG23913/1/2/2,2020,1000,,,49R/20
529,S,500,1, 3 ,SA2003,2020,1000,,,28R/21
530,S,500,1, 4 ,Jolly nero,2020,1000,,,57C/20
531,S,500,1, 5 ,Tesla,2020,1000,,,35R/19
532,S,500,1, 6 ,Celtiko,2020,1000,,,37R/21
533,S,500,1, 7 ,Formula PV,2020,1000,,,8R/21
534,S,500,1, 8 ,Corsa,2020,1000,,,2R/21
535,S,500,1, 9 ,MZ181,2020,1000,,,29R/20
536,S,500,1, 10 ,IRES 1172,2020,1000,,,46R/20
537,S,500,1, 11 ,4RI16/97,2020,1000,,,53R/20
538,S,500,1, 12 ,EUSAKE02,2020,1000,,,15R/21
539,S,500,1, 13 ,4ri16/128,2020,1000,,,16R/21
540,S,500,1, 14 ,Luce PV,2020,1000,,,7R/21
541,S,500,1, 15 ,Capo,2018,1000,,,1R/19 (INEW)
542,S,500,1, 16 ,Capo,2020,1000,,,1R/19
543,S,500,2, 1 ,ECCO 951 FP,2018,600,,,22R/19
544,S,500,2, 2 ,MZA11,2018,600,,,17R/21
545,S,500,2, 3 ,Velox,2018,600,,,15R/19
546,S,500,2, 4 ,BST1,2018,600,,,12R/19
547,S,500,2, 5 ,RG 13712/1/1/1,2018,600,,,21R/19 (INEW)
548,S,500,2, 6 ,Yari,2018,600,,,17R/19
549,S,500,2, 7 ,RTM 24,2018,600,,,11P/19
550,S,500,2, 8 ,Andromeda CL,2018,600,,,32R/19
551,S,500,2, 9 ,Tesla,2018,600,,,35R/19 (Inew)
552,S,500,2, 10 ,Edison,2018,600,,,33R/19
553,S,500,2, 11 ,RTF13,2018,600,,,7P/19
554,S,500,2, 12 ,RTH17,2018,600,,,22R/19
555,S,500,2, 13 ,ECCO 985 FP,2018,600,,,24R/19
556,S,500,2, 14 ,Jolly nero,2018,600,,,57C/20
557,S,500,2, 15 ,CL122HP,2018,600,,,31R/20
558,S,500,2, 16 ,MZA2,2018,600,,,20R/20
559,S,500,3, 1 ,CL712GL,2018,600,,,34R/20
560,S,500,3, 2 ,MZA10,2018,600,,,10R/20
561,S,500,3, 3 ,IRES 1172,2018,600,,,46R/20
562,S,500,3, 4 ,MZA9,2018,600,,,9R/20
563,S,500,3, 5 ,MZA6,2018,600,,,19R/20
564,S,500,3, 6 ,4RI16/79,2018,600,,,52R/20
565,S,500,3, 7 ,MZA8,2018,600,,,8R/20
566,S,500,3, 8 ,CL712V,2018,600,,,38R/20
567,S,500,3, 9 ,MZA3,2018,600,,,3R/20
568,S,500,3, 10 ,PV234,2018,600,,,43R/20
569,S,500,3, 11 ,PV226,2018,600,,,42R/20
570,S,500,3, 12 ,MZA4,2018,600,,,14R/20
571,S,500,3, 13 ,VN25(24)BC8F17,2018,600,,,55R/20
572,S,500,3, 14 ,MZA7,2018,600,,,25R/20
573,S,500,3, 15 ,VN28(11)BC14F29F02,2018,600,,,56R/20
574,S,500,3, 16 ,MZ181,2018,600,,,29R/20
575,S,500,4, 1 ,PV 221-IT LQ,2018,600,,,40R/20
576,S,500,4, 2 ,IRES 1117,2018,600,,,45R/20
577,S,500,4, 3 ,RG 23913/1/2/2,2018,600,,,49R/20
578,S,500,4, 4 ,MZ105,2018,600,,,26R/20
579,S,500,4, 5 ,4RI16/97,2018,600,,,53R/20
580,S,500,4, 6 ,4RI16/29BIS,2018,600,,,51R/20
581,S,500,4, 7 ,LASJKK20,2018,600,,,44R/20
582,S,500,4, 8 ,011(22)BC19F28F05,2018,600,,,54R/20
583,S,500,4, 9 ,CL007,2018,600,,,30R/20
584,S,500,4, 10 ,4RI16/167,2018,600,,,50R/20
585,S,500,4, 11 ,Naomi,2018,600,,,48R/20
586,S,500,4, 12 ,Nerone 2,2018,600,,,18R/19
587,S,500,4, 13 ,RFH1612284,2018,600,,,6R/18
588,S,500,4, 14 ,BSIN19,2018,600,,,11R/19
589,S,500,4, 15 ,Castigliano,2018,600,,,16R/19
590,S,500,4, 16 ,RTF15,2018,600,,,10P/19
591,S,500,5, 1 ,G2215,2018,600,,,37R/19
592,S,500,5, 2 ,SYN-RI-20530,2018,600,,,20R/18
593,S,500,5, 3 ,RG 36313/1/6/2,2018,600,,,2R/19 (Inew)
594,S,500,5, 4 ,Ardente EG,2018,600,,,6C/19
595,S,500,5, 5 ,Misaki,2018,600,,,28R/19
596,S,500,5, 6 ,Sucro CL,2018,600,,,36R/19
597,S,500,5, 7 ,RTM 25,2018,600,,,9P/19
598,S,500,5, 8 ,RTH 33,2018,600,,,23R/19
599,S,500,5, 9 ,RFH1612282,2018,600,,,5R/18
600,S,500,5, 10 ,Verelè,2018,600,,,7r/18
601,S,500,5, 11 ,RTH33,2018,600,,,23R/19
602,S,500,5, 12 ,Narciso EG,2018,600,,,7C/19
603,S,500,5, 13 ,RTM23,2018,600,,,8P/19
604,S,500,5, 14 ,RTF15,2018,600,,,10P/19
605,S,500,5, 15 ,Gaia EG,2018,600,,,5C/19
606,S,500,5, 16 ,RTH27,2018,600,,,24R/19
607,S,500,6, 1 ,Diva PV,2020,600,,,10R/21
608,S,500,6, 2 ,Cerere,2020,600,,,1RE/21
609,S,500,6, 3 ,4RI16/29BIS,2020,600,,,51R/20
610,S,500,6, 4 ,MZ105,2020,600,,,26R/20
611,S,500,6, 5 ,Naomi,2020,600,,,48R/20
612,S,500,6, 6 ,SA2001,2020,600,,,23R/21
613,S,500,6, 7 ,CL131HP,2020,600,,,13R/21
614,S,500,6, 8 ,Chirone,2020,600,,,22R/21
615,S,500,6, 9 ,Felix 2,2020,600,,,1C/21
616,S,500,6, 10 ,MZA7,2020,600,,,25R/20
617,S,500,6, 11 ,Misaki,2020,600,,,28R/19
618,S,500,6, 12 ,4RI16/170,2020,600,,,32R/21
619,S,500,6, 13 ,CL122HP,2020,600,,,31R/20
620,S,500,6, 14 ,CL228HP,2020,600,,,12R/21
621,S,500,6, 15 ,SA2004,2020,600,,,27R/21
622,S,500,6, 16 ,PV 221 IT,2020,600,,,40R/20
623,S,500,7, 1 ,SA2002,2020,600,,,24R/21
624,S,500,7, 2 ,CL112,2020,600,,,5R/21
625,S,500,7, 3 ,CL225HP,2020,600,,,18R/21
626,S,500,7, 4 ,PV 03-IT,2020,600,,,39R/20
627,S,500,7, 5 ,CL145,2020,600,,,6R/21
628,S,500,7, 6 ,CL44,2020,600,,,3R/21
629,S,500,7, 7 ,Sirio CL,2020,600,,,2RE/21
630,S,500,7, 8 ,Araldo PV,2020,600,,,19R/21
631,S,500,7, 9 ,Zuanshi,2020,600,,,47R/20
632,S,500,7, 10 ,PV 23-IT,2020,600,,,41R/20
633,S,500,7, 11 ,EUSAKE01,2020,600,,,14R/21
634,S,500,7, 12 ,CL712V,2020,600,,,38R/20
635,S,500,7, 13 ,CL712GL,2020,600,,,34R/20
636,S,500,7, 14 ,Edison,2020,600,,,33R/19
637,S,500,7, 15 ,4RI16/79,2020,600,,,52R/20
638,S,500,7, 16 ,IRES 1117,2020,600,,,45R/20
639,S,500,8, 1 ,RTM 24,2018,,,,11P/19
640,S,500,8, 2 ,,,,,,
641,S,500,8, 3 ,Dario CL,2020,,,,27R/19
642,S,500,8, 4 ,Tommy,2020,,,,4R/21
643,S,500,8, 5 ,Circe,2020,,,,21R/21
644,S,500,8, 6 ,,,,,,
645,S,500,8, 7 ,,,,,,
646,S,500,8, 8 ,,,,,,
647,S,500,8, 9 ,,,,,,
648,S,500,8, 10 ,,,,,,
649,S,500,8, 11 ,,,,,,
650,S,500,8, 12 ,,,,,,
651,S,500,8, 13 ,,,,,,
652,S,500,8, 14 ,,,,,,
653,S,500,8, 15 ,,,,,,
654,S,500,8, 16 ,,,,,,
