year,month,day,doy,date,tave,tmin,tmax,rad
2015,1,1,1,2015-01-01,-0.31,-3.17,3.79,6.3
2015,1,2,2,2015-01-02,2.7,-0.56,7.05,4.77
2015,1,3,3,2015-01-03,5.42,3.11,9.34,5.95
2015,1,4,4,2015-01-04,5.91,0.48,13.28,6.49
2015,1,5,5,2015-01-05,3.98,0.44,8.66,6.78
2015,1,6,6,2015-01-06,3.29,0.17,7.13,6.72
2015,1,7,7,2015-01-07,1.98,0.9,4.81,5.66
2015,1,8,8,2015-01-08,2.2,-0.2,6.83,6.17
2015,1,9,9,2015-01-09,4.62,0.64,9.59,5.84
2015,1,10,10,2015-01-10,11.09,8.51,17.06,4.03
2015,1,11,11,2015-01-11,7,2.31,12.41,5.31
2015,1,12,12,2015-01-12,4.11,0.07,10.54,7.29
2015,1,13,13,2015-01-13,3.56,1.55,7.1,2.75
2015,1,14,14,2015-01-14,3.63,2.01,7.91,3.36
2015,1,15,15,2015-01-15,3.78,2.08,5.63,2.46
2015,1,16,16,2015-01-16,3.88,3.13,4.97,0.91
2015,1,17,17,2015-01-17,4.87,3.27,7.77,2.56
2015,1,18,18,2015-01-18,2.11,-1.42,6.99,5.74
2015,1,19,19,2015-01-19,1.44,-1.21,4.79,4.51
2015,1,20,20,2015-01-20,1.54,-0.97,5.85,4.92
2015,1,21,21,2015-01-21,0.18,-1.37,1.8,1.34
2015,1,22,22,2015-01-22,1.58,0.32,3.54,2.37
2015,1,23,23,2015-01-23,3.06,-0.18,8.58,7.73
2015,1,24,24,2015-01-24,3.05,-0.88,8.9,8.01
2015,1,25,25,2015-01-25,0.57,-3.09,6.73,8.51
2015,1,26,26,2015-01-26,0.64,-3.47,6.28,7.28
2015,1,27,27,2015-01-27,1.63,-0.98,6.42,6.53
2015,1,28,28,2015-01-28,0.42,-3.51,6.57,7.35
2015,1,29,29,2015-01-29,0.44,-1.46,3.48,3.6
2015,1,30,30,2015-01-30,0.19,-2.89,5.84,8.26
2015,1,31,31,2015-01-31,0.43,-3.54,4.55,8.44
2015,2,1,32,2015-02-01,0.87,-3.31,7.21,9.06
2015,2,2,33,2015-02-02,1.48,-3.12,7.26,9.52
2015,2,3,34,2015-02-03,-0.29,-2.74,2.88,3.19
2015,2,4,35,2015-02-04,-0.03,-1.95,1.95,3.55
2015,2,5,36,2015-02-05,0.23,-0.46,0.94,1.35
2015,2,6,37,2015-02-06,0.53,-0.01,1.15,1.69
2015,2,7,38,2015-02-07,-0.58,-3.59,1.96,4.37
2015,2,8,39,2015-02-08,-0.23,-4.69,5.24,6.91
2015,2,9,40,2015-02-09,0.16,-5.46,6.37,9.97
2015,2,10,41,2015-02-10,4.84,0.55,9.7,10.15
2015,2,11,42,2015-02-11,3.82,0.09,8.48,10.62
2015,2,12,43,2015-02-12,2.44,-0.47,6.18,10.24
2015,2,13,44,2015-02-13,3.03,1.61,5.76,4.36
2015,2,14,45,2015-02-14,1.57,0.16,3.04,1.78
2015,2,15,46,2015-02-15,1.08,-0.79,2.95,2.06
2015,2,16,47,2015-02-16,4.39,1.93,8.53,4.86
2015,2,17,48,2015-02-17,6.07,2.9,10.66,10.84
2015,2,18,49,2015-02-18,3.36,0.24,7.54,12
2015,2,19,50,2015-02-19,3.83,0.04,9.37,12.54
2015,2,20,51,2015-02-20,3.84,0.33,8.97,11.67
2015,2,21,52,2015-02-21,2.04,0.34,3.99,1.64
2015,2,22,53,2015-02-22,2.85,-0.94,7.86,8.15
2015,2,23,54,2015-02-23,2.98,-1.08,7.25,6.94
2015,2,24,55,2015-02-24,3.39,1.33,6.26,3.01
2015,2,25,56,2015-02-25,4.15,-1.14,9.89,11.88
2015,2,26,57,2015-02-26,3.52,-2.1,9.92,11.72
2015,2,27,58,2015-02-27,3.85,1.2,7.73,8.82
2015,2,28,59,2015-02-28,5.72,2.05,9.79,7.15
2015,3,1,60,2015-03-01,6.89,2.76,12.91,12.65
2015,3,2,61,2015-03-02,8.36,4.98,15.77,7.33
2015,3,3,62,2015-03-03,8.2,3.88,13.36,14.52
2015,3,4,63,2015-03-04,5.63,3.33,9.56,9.78
2015,3,5,64,2015-03-05,4.21,0.08,9.34,15.09
2015,3,6,65,2015-03-06,4.77,-1.25,11.72,15.61
2015,3,7,66,2015-03-07,4.31,-0.77,9.41,13.85
2015,3,8,67,2015-03-08,5.98,1.53,10.58,15.34
2015,3,9,68,2015-03-09,5.8,1.42,11.63,13.04
2015,3,10,69,2015-03-10,7.89,1.38,14.12,16.11
2015,3,11,70,2015-03-11,10.08,4.83,16.66,15.89
2015,3,12,71,2015-03-12,7,1.59,12.77,16.49
2015,3,13,72,2015-03-13,7.43,2.57,13.17,16.85
2015,3,14,73,2015-03-14,6.43,2.53,10.47,8.58
2015,3,15,74,2015-03-15,5.24,3.38,7.76,8.29
2015,3,16,75,2015-03-16,4.86,3.88,6.26,2.84
2015,3,17,76,2015-03-17,6.47,4.33,9.86,3.69
2015,3,18,77,2015-03-18,9.21,4.38,15.2,15.65
2015,3,19,78,2015-03-19,9.34,5.01,14.68,16.65
2015,3,20,79,2015-03-20,9.06,4.89,13.95,12.84
2015,3,21,80,2015-03-21,7.9,3.98,12.39,8.29
2015,3,22,81,2015-03-22,6.19,4.27,8.56,4.21
2015,3,23,82,2015-03-23,8.68,4.04,13.49,16.29
2015,3,24,83,2015-03-24,8.77,5.25,12.73,4.91
2015,3,25,84,2015-03-25,8.08,6.46,10.55,4.84
2015,3,26,85,2015-03-26,10.46,6.3,15.61,9.94
2015,3,27,86,2015-03-27,9.56,4.02,16.12,20.35
2015,3,28,87,2015-03-28,9.47,1.41,16.49,20.21
2015,3,29,88,2015-03-29,11.1,5.22,17.21,14.39
2015,3,30,89,2015-03-30,13.36,8.08,20.02,17.26
2015,3,31,90,2015-03-31,13.38,7.94,20.47,20.52
2015,4,1,91,2015-04-01,9.49,4.69,14.83,20.76
2015,4,2,92,2015-04-02,10.47,3.93,17.78,19.97
2015,4,3,93,2015-04-03,9.63,4.29,14.48,17.6
2015,4,4,94,2015-04-04,7.79,5.32,11.67,13.5
2015,4,5,95,2015-04-05,6.22,3.9,8.95,7.87
2015,4,6,96,2015-04-06,6.8,2.42,12.87,20.86
2015,4,7,97,2015-04-07,6.72,-0.54,13.46,22.48
2015,4,8,98,2015-04-08,10.85,4.44,17.67,21.51
2015,4,9,99,2015-04-09,11.94,5.3,18.11,22.21
2015,4,10,100,2015-04-10,11.83,6.01,18.46,20.48
2015,4,11,101,2015-04-11,11.39,6.33,17.53,21.03
2015,4,12,102,2015-04-12,14.01,7.35,19.36,20.54
2015,4,13,103,2015-04-13,16.02,10.02,22.42,22.29
2015,4,14,104,2015-04-14,16.85,10.57,23.01,18.93
2015,4,15,105,2015-04-15,15.38,9.72,21,22.47
2015,4,16,106,2015-04-16,14.49,10.52,19.4,12.26
2015,4,17,107,2015-04-17,12.42,10.54,15.74,6.43
2015,4,18,108,2015-04-18,13.49,6.86,20.05,19
2015,4,19,109,2015-04-19,8.87,5.44,12.23,18.13
2015,4,20,110,2015-04-20,12.5,6.08,18.7,24.16
2015,4,21,111,2015-04-21,15.27,7.74,21.44,24.13
2015,4,22,112,2015-04-22,16.35,10.13,22.53,24.17
2015,4,23,113,2015-04-23,14.83,10.71,20.09,22.44
2015,4,24,114,2015-04-24,14.4,8.59,20.19,23.13
2015,4,25,115,2015-04-25,12.3,9.53,15.43,6.71
2015,4,26,116,2015-04-26,13.25,9.87,16.63,6.8
2015,4,27,117,2015-04-27,12.52,10.75,14.56,3.31
2015,4,28,118,2015-04-28,13.55,7.13,19.51,18.13
2015,4,29,119,2015-04-29,11.78,6.38,16.26,15.78
2015,4,30,120,2015-04-30,13.02,8.59,18.31,21.64
2015,5,1,121,2015-05-01,13.13,8.89,16.76,4.26
2015,5,2,122,2015-05-02,15.54,10.06,21.72,22.6
2015,5,3,123,2015-05-03,15.38,11.83,19.2,7
2015,5,4,124,2015-05-04,16.27,12.17,20.87,11.76
2015,5,5,125,2015-05-05,16.89,12.99,20.79,14.71
2015,5,6,126,2015-05-06,18.29,13.35,23.8,17.43
2015,5,7,127,2015-05-07,17.51,11.14,21.96,22.08
2015,5,8,128,2015-05-08,17.07,13.16,22.24,16.85
2015,5,9,129,2015-05-09,18.28,12.07,23.54,20.58
2015,5,10,130,2015-05-10,18.27,10.82,23.91,25.72
2015,5,11,131,2015-05-11,19.67,13.7,24.59,24.47
2015,5,12,132,2015-05-12,19.36,13.44,24.09,22.88
2015,5,13,133,2015-05-13,19.63,15.32,25.38,22.38
2015,5,14,134,2015-05-14,20.22,15.33,26.39,25.79
2015,5,15,135,2015-05-15,15.24,10.92,18.64,11.4
2015,5,16,136,2015-05-16,17.32,10.46,23.29,25.57
2015,5,17,137,2015-05-17,19.06,11.93,24.24,25.09
2015,5,18,138,2015-05-18,19.25,14.04,23.76,24.54
2015,5,19,139,2015-05-19,17.24,13.21,21.33,18.22
2015,5,20,140,2015-05-20,15.05,8.72,20.63,14.28
2015,5,21,141,2015-05-21,12.22,8.24,16.72,12.25
2015,5,22,142,2015-05-22,14.4,8.04,20.53,19.79
2015,5,23,143,2015-05-23,14.23,10.26,19.28,18.1
2015,5,24,144,2015-05-24,15.94,9.79,20.43,22.2
2015,5,25,145,2015-05-25,17.86,13.91,22.31,20.64
2015,5,26,146,2015-05-26,17.18,12.6,21.12,20.18
2015,5,27,147,2015-05-27,16.24,9.23,21.6,27.74
2015,5,28,148,2015-05-28,16.27,9.85,21.82,27.35
2015,5,29,149,2015-05-29,16.79,11.85,22.18,25.16
2015,5,30,150,2015-05-30,17.4,12.1,22.58,22.75
2015,5,31,151,2015-05-31,17.4,13,21.85,13.3
2015,6,1,152,2015-06-01,18.11,13.6,21.84,21.63
2015,6,2,153,2015-06-02,19.78,13.86,24.94,25.5
2015,6,3,154,2015-06-03,22.32,16.54,26.87,27.74
2015,6,4,155,2015-06-04,24.07,18.98,28.1,26.91
2015,6,5,156,2015-06-05,24.84,19.43,28.64,27.37
2015,6,6,157,2015-06-06,24.89,19.42,29.13,27.27
2015,6,7,158,2015-06-07,24.74,20.14,28.53,27.97
2015,6,8,159,2015-06-08,22.14,18.92,25.69,26.34
2015,6,9,160,2015-06-09,20.04,18.02,22.16,19.58
2015,6,10,161,2015-06-10,19.82,17.07,22.37,23.19
2015,6,11,162,2015-06-11,21.41,16.62,24.8,25.97
2015,6,12,163,2015-06-12,20.42,17.03,23.86,13.61
2015,6,13,164,2015-06-13,19.3,16.33,23.15,15.95
2015,6,14,165,2015-06-14,18.54,15.38,21.48,3.58
2015,6,15,166,2015-06-15,19.3,14.77,23.22,24.07
2015,6,16,167,2015-06-16,17.8,15.69,19.93,12.16
2015,6,17,168,2015-06-17,19.52,14.68,23.46,25.62
2015,6,18,169,2015-06-18,20.56,15.65,24.63,25.28
2015,6,19,170,2015-06-19,20.95,16.19,25.51,26.62
2015,6,20,171,2015-06-20,18.91,13.61,23.83,27.07
2015,6,21,172,2015-06-21,18.81,13.04,23.72,26.65
2015,6,22,173,2015-06-22,19.14,14.78,23.75,23.24
2015,6,23,174,2015-06-23,20.63,15.19,26.08,23
2015,6,24,175,2015-06-24,17.24,11.99,22.24,28.02
2015,6,25,176,2015-06-25,19.21,12.67,23.85,25.51
2015,6,26,177,2015-06-26,21.47,15.99,25.69,28.05
2015,6,27,178,2015-06-27,22.18,16.87,26.94,26.52
2015,6,28,179,2015-06-28,22.32,15.56,27.28,28.03
2015,6,29,180,2015-06-29,22.42,17.02,26.37,22.6
2015,6,30,181,2015-06-30,22.95,17.8,26.8,27.07
2015,7,1,182,2015-07-01,24.07,18.26,28.22,27.85
2015,7,2,183,2015-07-02,25.63,20.07,29.99,28.25
2015,7,3,184,2015-07-03,26.39,22.06,30.24,26.48
2015,7,4,185,2015-07-04,26.83,23.82,29.46,28.19
2015,7,5,186,2015-07-05,26.15,23.06,28.56,27.81
2015,7,6,187,2015-07-06,27.03,22.85,30.6,27.44
2015,7,7,188,2015-07-07,26.33,22.23,29.86,27.09
2015,7,8,189,2015-07-08,25.16,17.88,30.68,22.66
2015,7,9,190,2015-07-09,22.05,15.2,27.52,27.99
2015,7,10,191,2015-07-10,21.95,16.11,26.36,27.75
2015,7,11,192,2015-07-11,23.57,17.13,28.53,28.41
2015,7,12,193,2015-07-12,25.07,20.26,29.33,27.71
2015,7,13,194,2015-07-13,26.16,20.06,30.6,22.59
2015,7,14,195,2015-07-14,25.98,19.45,30.35,28.19
2015,7,15,196,2015-07-15,26.48,20.99,30.22,26.17
2015,7,16,197,2015-07-16,25.89,22.41,29.6,26.33
2015,7,17,198,2015-07-17,26.78,22.76,30.93,25.14
2015,7,18,199,2015-07-18,27.18,21.9,31.52,26.33
2015,7,19,200,2015-07-19,26.71,22.82,30.45,27.04
2015,7,20,201,2015-07-20,27.17,21.84,31.1,25.65
2015,7,21,202,2015-07-21,28.15,23.48,31.97,26.76
2015,7,22,203,2015-07-22,28.56,23.66,32.71,25.59
2015,7,23,204,2015-07-23,26.6,22.01,30.55,23.87
2015,7,24,205,2015-07-24,25.23,21.07,29.29,23.64
2015,7,25,206,2015-07-25,24,17.38,29.04,25.32
2015,7,26,207,2015-07-26,21.31,15.17,25.78,21.97
2015,7,27,208,2015-07-27,23.49,17.73,29.59,26.65
2015,7,28,209,2015-07-28,22.55,15.98,28.42,23.96
2015,7,29,210,2015-07-29,23.8,17.61,29.79,19.79
2015,7,30,211,2015-07-30,22.67,17.65,26.88,19.24
2015,7,31,212,2015-07-31,20.67,17.56,24.2,19.91
2015,8,1,213,2015-08-01,18.24,15.29,20.51,5.69
2015,8,2,214,2015-08-02,20.98,14.69,26.98,25.73
2015,8,3,215,2015-08-03,23.66,17.52,29.33,25.64
2015,8,4,216,2015-08-04,23.93,19.29,29.44,13.47
2015,8,5,217,2015-08-05,25.91,21.1,30.43,24.93
2015,8,6,218,2015-08-06,27.25,21.37,32.47,25.16
2015,8,7,219,2015-08-07,28.24,21.74,33.24,25.02
2015,8,8,220,2015-08-08,27.6,22.05,32.86,24.72
2015,8,9,221,2015-08-09,24.59,22.11,27.03,17.42
2015,8,10,222,2015-08-10,21.18,19.3,22.99,12.09
2015,8,11,223,2015-08-11,24.69,18.21,29.43,24.76
2015,8,12,224,2015-08-12,26.55,20.56,31.13,24.22
2015,8,13,225,2015-08-13,26.31,21.27,31.13,23.69
2015,8,14,226,2015-08-14,21.46,19.12,24.57,8.57
2015,8,15,227,2015-08-15,19.52,16.21,22.71,8.18
2015,8,16,228,2015-08-16,18.63,13.73,22.99,19.14
2015,8,17,229,2015-08-17,20.31,14.37,25.7,22.8
2015,8,18,230,2015-08-18,19.52,16.13,22.86,17.64
2015,8,19,231,2015-08-19,18.36,13.22,22.93,18.88
2015,8,20,232,2015-08-20,20.63,13.79,25.45,23.05
2015,8,21,233,2015-08-21,20.1,15.83,24.42,19.96
2015,8,22,234,2015-08-22,20.26,15.57,24.93,21.64
2015,8,23,235,2015-08-23,17.81,15.48,19.8,5.61
2015,8,24,236,2015-08-24,18.29,15.24,22.25,5.7
2015,8,25,237,2015-08-25,20.14,14.47,24.99,17.61
2015,8,26,238,2015-08-26,21.01,15.63,25.62,21.01
2015,8,27,239,2015-08-27,23.06,18.81,27.64,21.6
2015,8,28,240,2015-08-28,23.55,17.72,28.7,21.25
2015,8,29,241,2015-08-29,24.17,18.85,29.5,21.65
2015,8,30,242,2015-08-30,24.92,19.46,29.95,21.86
2015,8,31,243,2015-08-31,24.09,18.38,29.6,21.58
2015,9,1,244,2015-09-01,21.98,17.86,25.61,14.02
2015,9,2,245,2015-09-02,21.99,17.28,26.97,18.44
2015,9,3,246,2015-09-03,19.49,16.54,22.23,11.27
2015,9,4,247,2015-09-04,19.54,14.39,23.97,17.16
2015,9,5,248,2015-09-05,17.52,12.91,23.05,15.6
2015,9,6,249,2015-09-06,17.02,10.23,22.95,21.25
2015,9,7,250,2015-09-07,16.86,11.41,23.05,20.56
2015,9,8,251,2015-09-08,16.9,11.72,22.62,17.14
2015,9,9,252,2015-09-09,17.18,12.12,22.82,19.4
2015,9,10,253,2015-09-10,16.7,13.05,21.56,15.5
2015,9,11,254,2015-09-11,16.19,12.84,20.28,11.34
2015,9,12,255,2015-09-12,17.69,12.69,23.3,13.68
2015,9,13,256,2015-09-13,16.19,14.24,19.54,4.39
2015,9,14,257,2015-09-14,19.08,15.13,24.12,12.27
2015,9,15,258,2015-09-15,18.05,14.55,22.16,10.56
2015,9,16,259,2015-09-16,17.32,13.91,22.51,5.22
2015,9,17,260,2015-09-17,19.57,15.18,25.77,7.06
2015,9,18,261,2015-09-18,18.75,13.84,24.06,16.64
2015,9,19,262,2015-09-19,17.53,13.29,22.74,17.62
2015,9,20,263,2015-09-20,18.03,11.45,24.13,18.02
2015,9,21,264,2015-09-21,16.81,11.12,22.5,17.06
2015,9,22,265,2015-09-22,15.73,11.31,20.71,6.66
2015,9,23,266,2015-09-23,14.2,11.29,17.89,5.11
2015,9,24,267,2015-09-24,15.01,7.7,21.76,16.94
2015,9,25,268,2015-09-25,17.31,11.42,23.62,16.69
2015,9,26,269,2015-09-26,16.49,11.46,22.13,15.92
2015,9,27,270,2015-09-27,15.58,12.68,19.98,10.17
2015,9,28,271,2015-09-28,13.68,10.06,17.79,11.39
2015,9,29,272,2015-09-29,12.66,7.82,18.22,9.2
2015,9,30,273,2015-09-30,12.44,8.68,17.86,9.95
2015,10,1,274,2015-10-01,11.25,6.5,15.91,7.46
2015,10,2,275,2015-10-02,11.6,9.89,13.82,2.04
2015,10,3,276,2015-10-03,13.13,10.88,16.75,6
2015,10,4,277,2015-10-04,15.28,11.94,20.5,9.29
2015,10,5,278,2015-10-05,14.61,10.33,20.25,13.7
2015,10,6,279,2015-10-06,14.96,12.84,18.16,5
2015,10,7,280,2015-10-07,16.54,11.71,22.74,13.52
2015,10,8,281,2015-10-08,15.46,12,19.73,13.59
2015,10,9,282,2015-10-09,14.54,11.1,18.63,9.67
2015,10,10,283,2015-10-10,14.53,12.16,18.26,12
2015,10,11,284,2015-10-11,14.53,10.18,19.74,13.6
2015,10,12,285,2015-10-12,14.05,10.53,17.7,10.23
2015,10,13,286,2015-10-13,13.36,11.09,16.79,3.52
2015,10,14,287,2015-10-14,12.42,7.12,17.75,9.27
2015,10,15,288,2015-10-15,10.64,7.14,14.51,6.44
2015,10,16,289,2015-10-16,9.56,6.25,14.31,10.88
2015,10,17,290,2015-10-17,8.79,4.34,14.12,6.99
2015,10,18,291,2015-10-18,9.96,7.41,13.94,4.63
2015,10,19,292,2015-10-19,10.47,5.76,16.79,12.32
2015,10,20,293,2015-10-20,9.72,5.75,15.11,10.92
2015,10,21,294,2015-10-21,9.24,4.99,14.59,9.81
2015,10,22,295,2015-10-22,9.99,4.71,15.58,11.46
2015,10,23,296,2015-10-23,11.02,7.23,16.56,11.54
2015,10,24,297,2015-10-24,11.47,7.24,16.74,10.08
2015,10,25,298,2015-10-25,12.65,9.54,17.03,8.43
2015,10,26,299,2015-10-26,11.95,8.66,17.18,9.61
2015,10,27,300,2015-10-27,11.06,7.29,16.28,8.49
2015,10,28,301,2015-10-28,9.86,8.47,11.54,2.53
2015,10,29,302,2015-10-29,11.58,9.03,16.66,5.59
2015,10,30,303,2015-10-30,12.96,9.59,17.95,10
2015,10,31,304,2015-10-31,11.21,7.81,16.1,9.99
2015,11,1,305,2015-11-01,10.3,6.91,15.45,10.58
2015,11,2,306,2015-11-02,9.23,4.76,14.91,10.22
2015,11,3,307,2015-11-03,8.84,5.31,12.98,5.44
2015,11,4,308,2015-11-04,10.94,7.21,16.12,9.33
2015,11,5,309,2015-11-05,12.16,8.16,17.45,9.51
2015,11,6,310,2015-11-06,13.47,8.88,18.78,9.25
2015,11,7,311,2015-11-07,14.06,10.39,19.07,9.08
2015,11,8,312,2015-11-08,14.64,11.74,19.68,8.98
2015,11,9,313,2015-11-09,13.17,9.14,19.3,8.37
2015,11,10,314,2015-11-10,15.02,10.86,20.92,8.84
2015,11,11,315,2015-11-11,12.42,8.37,18.86,8.68
2015,11,12,316,2015-11-12,12.19,8.85,17.34,8.53
2015,11,13,317,2015-11-13,11.34,8.05,17.05,7.52
2015,11,14,318,2015-11-14,10.43,6.68,16.71,3.69
2015,11,15,319,2015-11-15,11.24,7.12,17.45,3.63
2015,11,16,320,2015-11-16,12.28,9.07,17.58,4.47
2015,11,17,321,2015-11-17,9.42,6.27,15.51,4.76
2015,11,18,322,2015-11-18,11.55,7.1,19.24,5.3
2015,11,19,323,2015-11-19,9.07,5.79,15.15,2.89
2015,11,20,324,2015-11-20,10.3,7.49,16.3,3.69
2015,11,21,325,2015-11-21,7.71,2.58,13.04,3.49
2015,11,22,326,2015-11-22,4.2,0.83,10.58,7.45
2015,11,23,327,2015-11-23,2.24,-0.3,5.96,3.13
2015,11,24,328,2015-11-24,2.68,0.34,7.49,7.53
2015,11,25,329,2015-11-25,1.45,-0.89,5.92,4.77
2015,11,26,330,2015-11-26,3.56,0.01,10.15,7.22
2015,11,27,331,2015-11-27,3.7,-0.23,9.84,7.26
2015,11,28,332,2015-11-28,2.25,-0.68,7.36,4.04
2015,11,29,333,2015-11-29,3.27,-0.69,8.84,5.55
2015,11,30,334,2015-11-30,6.67,3.07,14.3,6.78
2015,12,1,335,2015-12-01,6.99,1.56,13.79,6.62
2015,12,2,336,2015-12-02,6.96,3.85,11.52,5.65
2015,12,3,337,2015-12-03,5.28,4.04,7.4,4.67
2015,12,4,338,2015-12-04,5.48,3.9,9.12,3.27
2015,12,5,339,2015-12-05,5.18,3.42,9.09,4.18
2015,12,6,340,2015-12-06,4.73,2.95,7.83,3.7
2015,12,7,341,2015-12-07,5.31,3.38,8.8,4.56
2015,12,8,342,2015-12-08,6.9,4.66,11,5.21
2015,12,9,343,2015-12-09,5.74,3.32,10.42,4.08
2015,12,10,344,2015-12-10,4.53,1.76,9.52,4.97
2015,12,11,345,2015-12-11,3.46,1.26,7.78,4.61
2015,12,12,346,2015-12-12,4.03,1.64,8.68,6.16
2015,12,13,347,2015-12-13,4.5,3.09,6.83,2.97
2015,12,14,348,2015-12-14,4.35,2.84,7.6,4.01
2015,12,15,349,2015-12-15,3.89,1.94,6.56,3.86
2015,12,16,350,2015-12-16,4.96,3.52,7.49,5.54
2015,12,17,351,2015-12-17,5.45,4.15,7.88,5.89
2015,12,18,352,2015-12-18,5.96,4.26,9.79,4.43
2015,12,19,353,2015-12-19,7.19,5.75,10.22,5.52
2015,12,20,354,2015-12-20,7.71,6.05,11.74,5.66
2015,12,21,355,2015-12-21,6.6,5.23,9.56,1.74
2015,12,22,356,2015-12-22,7.21,5.04,10.41,4.38
2015,12,23,357,2015-12-23,6.58,5.01,9.41,3.3
2015,12,24,358,2015-12-24,4.84,3.82,6.7,2.56
2015,12,25,359,2015-12-25,5.38,3.51,7.99,4.49
2015,12,26,360,2015-12-26,5.94,4.22,9.52,4.92
2015,12,27,361,2015-12-27,5.21,3.19,7.93,4.88
2015,12,28,362,2015-12-28,4.88,3.13,7.85,4.69
2015,12,29,363,2015-12-29,5.24,3.71,8.72,5.29
2015,12,30,364,2015-12-30,3.79,0.59,7.46,5.86
2015,12,31,365,2015-12-31,0.99,-0.68,5.07,1.84
2016,1,1,1,2016-01-01,1.01,-0.99,5.54,4.16
2016,1,2,2,2016-01-02,-0.23,-1.14,1.69,1.56
2016,1,3,3,2016-01-03,1.32,-1.99,6.22,2.41
2016,1,4,4,2016-01-04,0.26,-1.34,3.56,2.55
2016,1,5,5,2016-01-05,0.27,-1.94,4.51,2.53
2016,1,6,6,2016-01-06,1.23,-1.4,6.1,6.5
2016,1,7,7,2016-01-07,1.44,-0.93,4.47,1.69
2016,1,8,8,2016-01-08,2.31,-0.5,6.33,4.08
2016,1,9,9,2016-01-09,1.87,0.93,3.34,1.48
2016,1,10,10,2016-01-10,3.26,0.44,7.03,2.54
2016,1,11,11,2016-01-11,5.48,3.6,10.37,1.06
2016,1,12,12,2016-01-12,5.63,2.69,11.64,6.85
2016,1,13,13,2016-01-13,3.34,-0.82,9.17,7.41
2016,1,14,14,2016-01-14,0.35,-1.6,4.21,2.65
2016,1,15,15,2016-01-15,0.37,-2.62,7.09,7.66
2016,1,16,16,2016-01-16,0.25,-2.54,7.06,7.69
2016,1,17,17,2016-01-17,-0.06,-4,6.22,7.64
2016,1,18,18,2016-01-18,-1.78,-4.31,1.72,6.46
2016,1,19,19,2016-01-19,-1.37,-3.93,2.88,7.23
2016,1,20,20,2016-01-20,-0.63,-3.53,4.2,7.14
2016,1,21,21,2016-01-21,-0.32,-2.68,4.24,8.05
2016,1,22,22,2016-01-22,-0.28,-2.94,4.12,7.7
2016,1,23,23,2016-01-23,2.06,-1.43,8.28,8.22
2016,1,24,24,2016-01-24,2.39,-0.73,6.89,8.01
2016,1,25,25,2016-01-25,4.16,1.75,9.47,8.22
2016,1,26,26,2016-01-26,5.63,2.03,11.43,7.41
2016,1,27,27,2016-01-27,5.84,3.43,9.76,5.64
2016,1,28,28,2016-01-28,6.91,4.79,11.37,3.91
2016,1,29,29,2016-01-29,8.18,5.18,13.59,8.37
2016,1,30,30,2016-01-30,7.04,4.63,11.07,3.14
2016,1,31,31,2016-01-31,7.9,4.56,13.48,7.53
2016,2,1,32,2016-02-01,10.94,6.52,19.09,3.81
2016,2,2,33,2016-02-02,7.89,6.17,12.4,3.38
2016,2,3,34,2016-02-03,7.31,2.44,13.03,2.2
2016,2,4,35,2016-02-04,5.63,2.05,11.74,9.54
2016,2,5,36,2016-02-05,6.83,1.85,14.7,9.64
2016,2,6,37,2016-02-06,3.89,0.28,8.37,3.54
2016,2,7,38,2016-02-07,3.45,2.74,4.03,0.72
2016,2,8,39,2016-02-08,4.55,0.85,10.12,6.11
2016,2,9,40,2016-02-09,5.44,2.59,8.52,1.62
2016,2,10,41,2016-02-10,3.99,0.15,9.91,10.91
2016,2,11,42,2016-02-11,3.04,-1.01,9.01,10.86
2016,2,12,43,2016-02-12,1.48,-0.84,6.3,4.41
2016,2,13,44,2016-02-13,2.89,-1.07,9.27,6.69
2016,2,14,45,2016-02-14,2.24,0.26,5.25,2.46
2016,2,15,46,2016-02-15,4.41,-0.1,10.41,9.21
2016,2,16,47,2016-02-16,4.1,2.52,6.32,3.31
2016,2,17,48,2016-02-17,3.96,1.9,6.68,4.39
2016,2,18,49,2016-02-18,4.35,1.24,8.98,10.86
2016,2,19,50,2016-02-19,5.41,0.35,12.3,11.47
2016,2,20,51,2016-02-20,3.58,-2.34,10.06,11.5
2016,2,21,52,2016-02-21,8.71,3.74,16.98,12.42
2016,2,22,53,2016-02-22,8.29,4.88,13.36,6.05
2016,2,23,54,2016-02-23,9.48,6.06,16.25,7.81
2016,2,24,55,2016-02-24,6.5,1.12,11.63,10.44
2016,2,25,56,2016-02-25,4.89,2.86,9.13,6.77
2016,2,26,57,2016-02-26,3.84,-0.19,7.46,5.69
2016,2,27,58,2016-02-27,2.9,1.43,5.22,3.32
2016,2,28,59,2016-02-28,4.08,2.42,5.73,1.54
2016,2,29,60,2016-02-29,5.8,3.54,8.46,4.3
2016,3,1,61,2016-03-01,6.88,-0.47,14.21,14.24
2016,3,2,62,2016-03-02,7.15,2.73,13.24,11.22
2016,3,3,63,2016-03-03,5.8,0.98,12.66,14.88
2016,3,4,64,2016-03-04,4.38,-1.39,10.58,9.34
2016,3,5,65,2016-03-05,3.33,0.79,6,1.05
2016,3,6,66,2016-03-06,2.87,-1.67,9.19,7.9
2016,3,7,67,2016-03-07,2.69,-3.69,9.21,13.14
2016,3,8,68,2016-03-08,3.33,-0.76,8.37,12.6
2016,3,9,69,2016-03-09,3.28,-2,8.07,11.4
2016,3,10,70,2016-03-10,6.66,0.85,12.8,15.92
2016,3,11,71,2016-03-11,6.9,1.76,11.99,12.3
2016,3,12,72,2016-03-12,9.08,5.5,14.36,15.94
2016,3,13,73,2016-03-13,7.06,4.29,10.48,9.21
2016,3,14,74,2016-03-14,6.49,3.12,10.48,9.07
2016,3,15,75,2016-03-15,7.69,1.9,14.73,12.28
2016,3,16,76,2016-03-16,2.44,0.86,3.38,5.05
2016,3,17,77,2016-03-17,5.87,2.02,10.53,15.47
2016,3,18,78,2016-03-18,8.05,1.32,15.12,18.11
2016,3,19,79,2016-03-19,9.56,3.95,16.63,18.5
2016,3,20,80,2016-03-20,9.18,3.87,15.45,17.2
2016,3,21,81,2016-03-21,10.34,6.2,15.01,17.51
2016,3,22,82,2016-03-22,8.95,3.51,14.51,15.67
2016,3,23,83,2016-03-23,7.84,3.46,13.16,17.73
2016,3,24,84,2016-03-24,8.87,1.34,16.17,19.75
2016,3,25,85,2016-03-25,8.1,3.27,14.4,14.45
2016,3,26,86,2016-03-26,9.92,3.36,16.88,19.96
2016,3,27,87,2016-03-27,9.31,3.84,15.12,15.62
2016,3,28,88,2016-03-28,9.36,6.29,14.57,6.23
2016,3,29,89,2016-03-29,11.01,6.08,18.01,18.48
2016,3,30,90,2016-03-30,11.47,7.43,16.95,5.2
2016,3,31,91,2016-03-31,11.69,8.68,14.8,7.34
2016,4,1,92,2016-04-01,11.35,8.67,14.72,7.87
2016,4,2,93,2016-04-02,12.36,9.06,17.12,11.14
2016,4,3,94,2016-04-03,13.22,8.72,17.53,10.63
2016,4,4,95,2016-04-04,12.22,8.56,16.44,8.68
2016,4,5,96,2016-04-05,12.62,9.53,17.45,11.21
2016,4,6,97,2016-04-06,14.59,10.33,18.62,18.34
2016,4,7,98,2016-04-07,14.21,8.94,19.94,16.81
2016,4,8,99,2016-04-08,12.26,9.6,16.04,8.75
2016,4,9,100,2016-04-09,11.5,9.15,14.82,16.49
2016,4,10,101,2016-04-10,12.35,6.37,18.83,20.74
2016,4,11,102,2016-04-11,12.59,7.35,18.84,19.36
2016,4,12,103,2016-04-12,12.72,7.16,19.18,18.31
2016,4,13,104,2016-04-13,12.87,8.51,17.72,15.66
2016,4,14,105,2016-04-14,13.6,5.87,20.87,21.46
2016,4,15,106,2016-04-15,13.27,7.48,19.45,13.29
2016,4,16,107,2016-04-16,13.14,7.99,19.25,9.74
2016,4,17,108,2016-04-17,14.02,10.42,19.42,7.53
2016,4,18,109,2016-04-18,13.42,7.41,20.32,17.84
2016,4,19,110,2016-04-19,14.13,6.43,20.34,23.96
2016,4,20,111,2016-04-20,14.31,7.36,20.56,22.32
2016,4,21,112,2016-04-21,13.35,7.55,17.79,19.3
2016,4,22,113,2016-04-22,14.96,10.53,20.37,22.14
2016,4,23,114,2016-04-23,12.51,9.94,15.3,13.3
2016,4,24,115,2016-04-24,11.36,4.19,18.02,22.51
2016,4,25,116,2016-04-25,9.53,3.85,15.46,24.94
2016,4,26,117,2016-04-26,10.41,5.36,16.16,17.43
2016,4,27,118,2016-04-27,10.22,4.31,15.62,23.86
2016,4,28,119,2016-04-28,8.53,2.6,14.25,19.75
2016,4,29,120,2016-04-29,10.1,4.52,14.72,17.06
2016,4,30,121,2016-04-30,11.4,6.32,15.58,18.1
2016,5,1,122,2016-05-01,9.31,5.28,13.2,7.17
2016,5,2,123,2016-05-02,13.33,6.83,19.31,18.97
2016,5,3,124,2016-05-03,14.83,7.39,22.04,23.42
2016,5,4,125,2016-05-04,14,5.69,20.83,26.46
2016,5,5,126,2016-05-05,12.93,7.15,17.82,20.93
2016,5,6,127,2016-05-06,15.31,9.28,20.84,22.8
2016,5,7,128,2016-05-07,15.86,9.31,20.68,21.42
2016,5,8,129,2016-05-08,15.25,10.38,19.62,19.59
2016,5,9,130,2016-05-09,14.17,10.94,17.82,6.6
2016,5,10,131,2016-05-10,15.22,11.63,19.41,6.76
2016,5,11,132,2016-05-11,13.97,12.24,16.07,3.75
2016,5,12,133,2016-05-12,14.09,11.17,17.84,11.14
2016,5,13,134,2016-05-13,13.76,10.62,18.97,12.69
2016,5,14,135,2016-05-14,16.72,10.96,22.2,19.38
2016,5,15,136,2016-05-15,14.84,8.64,21.23,26.89
2016,5,16,137,2016-05-16,12.84,7.8,17.86,21.46
2016,5,17,138,2016-05-17,14.22,7.87,19.48,25.37
2016,5,18,139,2016-05-18,14.27,9.18,18.64,17.64
2016,5,19,140,2016-05-19,12.93,9.17,16.55,8.9
2016,5,20,141,2016-05-20,16.11,7.17,22.64,27.66
2016,5,21,142,2016-05-21,18.16,11.43,24.13,27.04
2016,5,22,143,2016-05-22,17.81,12.46,23.21,25.42
2016,5,23,144,2016-05-23,13.37,10.42,15.98,12.55
2016,5,24,145,2016-05-24,15.84,8.21,22.76,27.94
2016,5,25,146,2016-05-25,15.93,9.52,21.38,24.62
2016,5,26,147,2016-05-26,18.25,12.44,23.88,23.93
2016,5,27,148,2016-05-27,20.39,14.99,25.28,25.7
2016,5,28,149,2016-05-28,20.09,14.55,25.36,24
2016,5,29,150,2016-05-29,15.92,13.6,17.73,5.75
2016,5,30,151,2016-05-30,16.37,12.34,20.61,11.82
2016,5,31,152,2016-05-31,16.04,12.28,19.77,13.53
2016,6,1,153,2016-06-01,16.02,11.95,19.87,15.77
2016,6,2,154,2016-06-02,15.27,12.33,18.46,15.65
2016,6,3,155,2016-06-03,16.68,12,20.93,19.41
2016,6,4,156,2016-06-04,16.62,13.4,20.1,14.12
2016,6,5,157,2016-06-05,18.39,13.36,22.35,23.32
2016,6,6,158,2016-06-06,19.01,14.77,22.5,23.8
2016,6,7,159,2016-06-07,20.19,15.41,24.12,25.32
2016,6,8,160,2016-06-08,19.82,16.42,23.24,22.75
2016,6,9,161,2016-06-09,18.91,14.21,23.87,20.14
2016,6,10,162,2016-06-10,18.86,13.4,23.43,26.98
2016,6,11,163,2016-06-11,19.28,16.03,23.01,15.19
2016,6,12,164,2016-06-12,18.68,15.18,22.1,23.75
2016,6,13,165,2016-06-13,18.83,14.44,23.2,24.9
2016,6,14,166,2016-06-14,18.23,14.31,22.18,23.18
2016,6,15,167,2016-06-15,18.19,12.9,22.83,24.08
2016,6,16,168,2016-06-16,17.82,14.6,21.79,10.72
2016,6,17,169,2016-06-17,17.81,11.91,22.67,23.76
2016,6,18,170,2016-06-18,17.03,13.48,20.38,19.01
2016,6,19,171,2016-06-19,17.62,12.13,22.56,20.48
2016,6,20,172,2016-06-20,19.45,11.16,25.14,28.94
2016,6,21,173,2016-06-21,21.07,15.34,25.71,24.79
2016,6,22,174,2016-06-22,23.16,16.58,28.17,28.49
2016,6,23,175,2016-06-23,25.35,19.21,30.18,28.69
2016,6,24,176,2016-06-24,26.05,20.3,30.46,28.2
2016,6,25,177,2016-06-25,24.94,20.52,28.74,20.24
2016,6,26,178,2016-06-26,23.04,17.81,27.7,24.56
2016,6,27,179,2016-06-27,21.78,15.52,26.84,27.35
2016,6,28,180,2016-06-28,21.51,14.97,26.19,26.36
2016,6,29,181,2016-06-29,22.74,17.46,27.2,27.1
2016,6,30,182,2016-06-30,21.61,18.35,24.4,21.27
2016,7,1,183,2016-07-01,23.21,18.04,27.6,26.65
2016,7,2,184,2016-07-02,22.94,19.31,26.77,21.12
2016,7,3,185,2016-07-03,22.62,16.06,27.22,28.04
2016,7,4,186,2016-07-04,21.55,18.14,25.65,21.45
2016,7,5,187,2016-07-05,22.76,17.97,26.49,23.54
2016,7,6,188,2016-07-06,24.02,16.88,28.55,28.69
2016,7,7,189,2016-07-07,24.07,17.6,28.93,27.47
2016,7,8,190,2016-07-08,24.06,19.63,28.45,24.52
2016,7,9,191,2016-07-09,25.95,18.9,30.92,28.06
2016,7,10,192,2016-07-10,26.35,21.04,30.78,26.1
2016,7,11,193,2016-07-11,25.69,21.69,29.17,25.29
2016,7,12,194,2016-07-12,23.77,20.23,27.07,10.04
2016,7,13,195,2016-07-13,21.19,15.02,27.82,21.89
2016,7,14,196,2016-07-14,18.48,11.62,24.31,28.25
2016,7,15,197,2016-07-15,18.69,12.26,24.57,28.62
2016,7,16,198,2016-07-16,20.43,12.77,26.5,28.81
2016,7,17,199,2016-07-17,21.82,14.33,28.65,28.59
2016,7,18,200,2016-07-18,24.33,18.02,30.69,28.1
2016,7,19,201,2016-07-19,25.5,19.38,30.96,27.99
2016,7,20,202,2016-07-20,25.76,19.77,31.45,27.47
2016,7,21,203,2016-07-21,24.4,20.01,29.63,21.9
2016,7,22,204,2016-07-22,23.03,19.88,26.81,13.49
2016,7,23,205,2016-07-23,21.13,19,23.39,13.28
2016,7,24,206,2016-07-24,22.77,19.39,26.36,23.65
2016,7,25,207,2016-07-25,25.25,19.56,30.03,25.64
2016,7,26,208,2016-07-26,23.82,19.52,28.67,24.39
2016,7,27,209,2016-07-27,23.79,20.27,28.04,20.41
2016,7,28,210,2016-07-28,23.45,17.44,27.73,26.57
2016,7,29,211,2016-07-29,24.2,18.53,29.11,25.17
2016,7,30,212,2016-07-30,24.41,19.47,30.07,25.15
2016,7,31,213,2016-07-31,22.46,19.86,25.41,17.64
2016,8,1,214,2016-08-01,22.77,17.32,27.51,25
2016,8,2,215,2016-08-02,22.61,18.64,26.66,23.66
2016,8,3,216,2016-08-03,24.2,19.17,28.59,24.89
2016,8,4,217,2016-08-04,24.94,19.98,29.58,24.11
2016,8,5,218,2016-08-05,21.19,16.51,25.06,11.56
2016,8,6,219,2016-08-06,21.37,14.08,27.06,25.71
2016,8,7,220,2016-08-07,22.06,15.86,27.34,25.44
2016,8,8,221,2016-08-08,23.12,16.93,28.61,25.39
2016,8,9,222,2016-08-09,22.68,18.52,26.59,20.25
2016,8,10,223,2016-08-10,20.66,15.77,25.82,24.73
2016,8,11,224,2016-08-11,18.53,12.65,23.88,24.7
2016,8,12,225,2016-08-12,19.61,13.21,25.48,24.39
2016,8,13,226,2016-08-13,21.22,14.9,26.72,24.48
2016,8,14,227,2016-08-14,23.36,17.24,28.85,24.1
2016,8,15,228,2016-08-15,24.23,18.05,29.63,23.18
2016,8,16,229,2016-08-16,23.38,18.98,28.08,21.57
2016,8,17,230,2016-08-17,23.61,17.96,29.94,23.51
2016,8,18,231,2016-08-18,22.21,17.01,27.64,17.5
2016,8,19,232,2016-08-19,22.79,17.61,28.1,17.35
2016,8,20,233,2016-08-20,21.47,18.99,24.58,6.18
2016,8,21,234,2016-08-21,21.7,15.52,27.82,21.84
2016,8,22,235,2016-08-22,20.54,12.91,27.15,23.49
2016,8,23,236,2016-08-23,22.33,16.22,28.41,22.99
2016,8,24,237,2016-08-24,22.83,16.47,28.9,22.81
2016,8,25,238,2016-08-25,23.42,17.24,29.62,22.29
2016,8,26,239,2016-08-26,23.44,17.61,29.75,21.33
2016,8,27,240,2016-08-27,23.94,17.79,30.11,22.23
2016,8,28,241,2016-08-28,24.67,18.18,31.51,21.76
2016,8,29,242,2016-08-29,24.8,19.5,30.44,19.45
2016,8,30,243,2016-08-30,20.26,18.39,22.48,7.62
2016,8,31,244,2016-08-31,22.2,18.03,26.75,20.06
2016,9,1,245,2016-09-01,23.45,18.5,28.43,21
2016,9,2,246,2016-09-02,24.08,18.73,28.6,19.74
2016,9,3,247,2016-09-03,23.88,19.1,27.49,19.43
2016,9,4,248,2016-09-04,23.52,19.3,28.22,15.46
2016,9,5,249,2016-09-05,23.65,18,29.36,18.36
2016,9,6,250,2016-09-06,21.22,15.29,28.3,20.9
2016,9,7,251,2016-09-07,21.07,15.03,26.92,20.19
2016,9,8,252,2016-09-08,22.83,17.57,28.31,19.9
2016,9,9,253,2016-09-09,23.57,18.26,29.41,19.37
2016,9,10,254,2016-09-10,23.63,18.03,29.47,18.19
2016,9,11,255,2016-09-11,23.15,19.17,27.94,18.23
2016,9,12,256,2016-09-12,22.9,18.4,27.25,18.18
2016,9,13,257,2016-09-13,23.1,18.9,27.93,18.63
2016,9,14,258,2016-09-14,22.8,17.97,27.87,18.05
2016,9,15,259,2016-09-15,19.26,14.93,24.02,8.75
2016,9,16,260,2016-09-16,17.41,13.7,22.02,8.37
2016,9,17,261,2016-09-17,17.76,11.72,23.42,14.52
2016,9,18,262,2016-09-18,16.37,11.99,21.49,13.15
2016,9,19,263,2016-09-19,18.64,13.05,25.72,17.22
2016,9,20,264,2016-09-20,18.59,13.98,24.38,16.18
2016,9,21,265,2016-09-21,15.42,13.65,17.46,9.52
2016,9,22,266,2016-09-22,16.3,12.34,21.16,12.13
2016,9,23,267,2016-09-23,17.39,13.44,22.57,14.62
2016,9,24,268,2016-09-24,17.01,12.97,22.6,16.24
2016,9,25,269,2016-09-25,17.93,11.83,24.01,16.92
2016,9,26,270,2016-09-26,17.68,12.37,23.66,16.08
2016,9,27,271,2016-09-27,17.01,13.14,21.95,14.95
2016,9,28,272,2016-09-28,18.01,12.42,24.18,15.94
2016,9,29,273,2016-09-29,17.99,12.46,24.12,15.15
2016,9,30,274,2016-09-30,17.6,12.67,23.75,12.52
2016,10,1,275,2016-10-01,16.2,12.89,20.34,7.01
2016,10,2,276,2016-10-02,16.81,12.62,22.22,12.36
2016,10,3,277,2016-10-03,15.54,7.82,22.58,15.67
2016,10,4,278,2016-10-04,14.89,8.39,21.64,15.39
2016,10,5,279,2016-10-05,14.71,9.61,21.11,15.1
2016,10,6,280,2016-10-06,11.1,7.12,15.99,10.61
2016,10,7,281,2016-10-07,12.54,7.93,18.44,14.46
2016,10,8,282,2016-10-08,11.95,6.93,17.9,11.78
2016,10,9,283,2016-10-09,10.35,8.38,13.49,4.91
2016,10,10,284,2016-10-10,9.47,6.1,14.21,10.83
2016,10,11,285,2016-10-11,8.19,5.67,11.35,7.87
2016,10,12,286,2016-10-12,9.67,5.54,15.24,13.2
2016,10,13,287,2016-10-13,7.38,6.29,9.28,2.31
2016,10,14,288,2016-10-14,8.71,6.65,10.1,2.54
2016,10,15,289,2016-10-15,12.09,8.22,17.33,4.69
2016,10,16,290,2016-10-16,13.46,9.25,19.14,12.24
2016,10,17,291,2016-10-17,13.6,11.33,17.6,4.01
2016,10,18,292,2016-10-18,13.83,10.04,19.33,10.81
2016,10,19,293,2016-10-19,12.47,9.08,16.97,5.07
2016,10,20,294,2016-10-20,10.75,6.81,16.24,10.32
2016,10,21,295,2016-10-21,10.3,6.59,15.89,11.52
2016,10,22,296,2016-10-22,8.22,3.9,13.91,6.81
2016,10,23,297,2016-10-23,8.53,5.82,11.92,2.29
2016,10,24,298,2016-10-24,10.31,7.57,13.61,2.86
2016,10,25,299,2016-10-25,11.59,9.6,14.87,1.82
2016,10,26,300,2016-10-26,11.4,9.78,13.78,4.57
2016,10,27,301,2016-10-27,13.41,10.25,18.91,9.8
2016,10,28,302,2016-10-28,11.56,7.6,18.01,8.17
2016,10,29,303,2016-10-29,11.86,7.07,17.66,10.26
2016,10,30,304,2016-10-30,11.97,8.26,17.75,8.85
2016,10,31,305,2016-10-31,9.86,6.87,13.85,6.35
2016,11,1,306,2016-11-01,10.2,6.82,16.33,8.12
2016,11,2,307,2016-11-02,11.06,7.83,16.46,4.39
2016,11,3,308,2016-11-03,9.95,6.81,15.74,7.88
2016,11,4,309,2016-11-04,8.42,5.1,13.66,6
2016,11,5,310,2016-11-05,7.37,6.42,9.19,1.98
2016,11,6,311,2016-11-06,7.57,3.99,11.81,2.83
2016,11,7,312,2016-11-07,5.66,1.43,12.18,9.61
2016,11,8,313,2016-11-08,4.47,-0.68,11.03,9.07
2016,11,9,314,2016-11-09,2.52,0.07,5.26,4.46
2016,11,10,315,2016-11-10,4.5,1.29,10.35,8.42
2016,11,11,316,2016-11-11,4.36,0.84,10.82,4.96
2016,11,12,317,2016-11-12,5.51,-0.64,12.81,8.95
2016,11,13,318,2016-11-13,5.56,2.49,10.96,6.12
2016,11,14,319,2016-11-14,5.09,1.49,9.55,3.94
2016,11,15,320,2016-11-15,3.47,-0.01,9.02,4.62
2016,11,16,321,2016-11-16,4.7,0.29,11.85,7.28
2016,11,17,322,2016-11-17,5.29,3.52,9.1,3.31
2016,11,18,323,2016-11-18,5.4,3.88,7.41,1.2
2016,11,19,324,2016-11-19,6.25,4.78,9.62,1.62
2016,11,20,325,2016-11-20,6.63,4.97,8.98,2.32
2016,11,21,326,2016-11-21,7.74,6.47,9.29,0.96
2016,11,22,327,2016-11-22,9.73,8.19,11.62,1.59
2016,11,23,328,2016-11-23,10.02,8.37,12.05,1.52
2016,11,24,329,2016-11-24,10.31,8.08,11.88,1.16
2016,11,25,330,2016-11-25,10.98,9,13.09,1.84
2016,11,26,331,2016-11-26,9.3,5.78,13.35,5.35
2016,11,27,332,2016-11-27,8.35,5.62,13.27,6.05
2016,11,28,333,2016-11-28,5.78,3.54,9.63,4.26
2016,11,29,334,2016-11-29,1.69,-2.06,5.44,4.59
2016,11,30,335,2016-11-30,2.27,-1.02,7.69,7.02
2016,12,1,336,2016-12-01,5.87,0.95,11.69,5.41
2016,12,2,337,2016-12-02,7.13,2.77,13.03,6.91
2016,12,3,338,2016-12-03,4.42,2.71,7.78,1.68
2016,12,4,339,2016-12-04,4.32,2.04,8.96,2.32
2016,12,5,340,2016-12-05,4.22,1.4,9.39,5.37
2016,12,6,341,2016-12-06,4.22,2.11,8.69,5.92
2016,12,7,342,2016-12-07,4.29,1.79,8.86,6.24
2016,12,8,343,2016-12-08,3.39,0.67,7.46,5.97
2016,12,9,344,2016-12-09,4.05,0.83,9.62,5.73
2016,12,10,345,2016-12-10,5.29,2.73,9.45,5.43
2016,12,11,346,2016-12-11,5.23,3.39,9.2,3.82
2016,12,12,347,2016-12-12,6.53,3.96,11.66,3.12
2016,12,13,348,2016-12-13,2.87,0.15,6.91,3.85
2016,12,14,349,2016-12-14,1.71,0.25,4.83,3.63
2016,12,15,350,2016-12-15,1.47,-0.55,5.31,3.56
2016,12,16,351,2016-12-16,1.66,0.22,4.06,2.04
2016,12,17,352,2016-12-17,3.05,0.78,7.54,4.89
2016,12,18,353,2016-12-18,2.09,-0.24,6.21,4.76
2016,12,19,354,2016-12-19,0.02,-1.36,0.99,1.2
2016,12,20,355,2016-12-20,2.91,1.15,4.34,1.34
2016,12,21,356,2016-12-21,6.36,3.84,10.05,4.47
2016,12,22,357,2016-12-22,6.16,2.88,10.3,5.67
2016,12,23,358,2016-12-23,6.62,4.25,10.61,5.87
2016,12,24,359,2016-12-24,6.01,3.75,9.65,4.85
2016,12,25,360,2016-12-25,7.9,3.4,13.32,5.6
2016,12,26,361,2016-12-26,9.33,5.57,13.94,5.73
2016,12,27,362,2016-12-27,7.44,1.86,14.58,6.43
2016,12,28,363,2016-12-28,6.29,3.37,11.14,6.43
2016,12,29,364,2016-12-29,1.83,-1.9,6.07,3.67
2016,12,30,365,2016-12-30,1.4,-0.92,5.67,6.25
2016,12,31,366,2016-12-31,1.9,-0.41,6.35,6.3
2017,1,1,1,2017-01-01,2.07,-0.09,5.92,6.29
2017,1,2,2,2017-01-02,2.26,0.82,5.85,4.54
2017,1,3,3,2017-01-03,1.44,-1.81,6.5,6.45
2017,1,4,4,2017-01-04,3.02,-0.3,9.26,6.65
2017,1,5,5,2017-01-05,0.25,-4.16,6.2,6.36
2017,1,6,6,2017-01-06,-2.02,-4.62,2.89,7.08
2017,1,7,7,2017-01-07,-3.31,-6.25,0.61,6.67
2017,1,8,8,2017-01-08,-1.35,-3.59,4.22,5.99
2017,1,9,9,2017-01-09,-1.63,-4.68,3.78,7.08
2017,1,10,10,2017-01-10,-3.28,-5.53,-1.07,1.34
2017,1,11,11,2017-01-11,-3.3,-6.06,0.85,2.28
2017,1,12,12,2017-01-12,-0.5,-4.63,4.98,2.7
2017,1,13,13,2017-01-13,0.42,-1.98,5.53,4.17
2017,1,14,14,2017-01-14,0.57,-2.63,6.18,5.85
2017,1,15,15,2017-01-15,-1.42,-4.36,4.75,7.51
2017,1,16,16,2017-01-16,-2.59,-6.81,2.99,7.44
2017,1,17,17,2017-01-17,-1.34,-4.2,3.39,6.53
2017,1,18,18,2017-01-18,-0.19,-2.77,4.26,7.64
2017,1,19,19,2017-01-19,0.67,-1.79,4.27,7.69
2017,1,20,20,2017-01-20,-0.46,-3.35,4,7.96
2017,1,21,21,2017-01-21,0.26,-2.67,4.92,8.18
2017,1,22,22,2017-01-22,0.94,-3.07,5.32,8.26
2017,1,23,23,2017-01-23,1.61,-1.18,5.6,7.55
2017,1,24,24,2017-01-24,3.06,0.19,7.82,8.39
2017,1,25,25,2017-01-25,1.21,-1.33,5.96,8.42
2017,1,26,26,2017-01-26,-0.26,-2.26,4.33,8.5
2017,1,27,27,2017-01-27,0.36,-2.37,3.91,5.85
2017,1,28,28,2017-01-28,0.69,-0.85,2.63,5.3
2017,1,29,29,2017-01-29,2.12,0.19,6.95,8.06
2017,1,30,30,2017-01-30,1.06,-0.57,4.34,4.11
2017,1,31,31,2017-01-31,1.42,0.34,3.36,2.93
2017,2,1,32,2017-02-01,2.21,0.87,4.5,3.24
2017,2,2,33,2017-02-02,3.34,2.21,5.84,1.54
2017,2,3,34,2017-02-03,3.58,1.78,6.48,2.72
2017,2,4,35,2017-02-04,3.16,1.28,5.87,2.07
2017,2,5,36,2017-02-05,1.77,0.86,2.71,1.83
2017,2,6,37,2017-02-06,4.57,1.49,11.04,4.54
2017,2,7,38,2017-02-07,4.63,1.28,9.18,7.58
2017,2,8,39,2017-02-08,2.43,1.39,3.57,2.74
2017,2,9,40,2017-02-09,2.21,0.49,5.2,5.83
2017,2,10,41,2017-02-10,1.09,-0.5,4.02,2.04
2017,2,11,42,2017-02-11,2.05,-0.48,5.64,3.45
2017,2,12,43,2017-02-12,3.44,1.09,6.24,4.08
2017,2,13,44,2017-02-13,4.49,3.01,7.04,4.87
2017,2,14,45,2017-02-14,5.03,1.97,9.39,10.17
2017,2,15,46,2017-02-15,7.66,3.13,13.66,11.75
2017,2,16,47,2017-02-16,8.02,3.69,14.33,11.93
2017,2,17,48,2017-02-17,8.06,4.82,13.95,10.82
2017,2,18,49,2017-02-18,5.61,0.33,11.42,9.14
2017,2,19,50,2017-02-19,5.06,2.04,10.91,8.49
2017,2,20,51,2017-02-20,5.29,0.79,11.61,8.02
2017,2,21,52,2017-02-21,7.81,2.8,15.78,11.57
2017,2,22,53,2017-02-22,7.52,3.18,14.13,8.92
2017,2,23,54,2017-02-23,7.78,3.98,14.08,3.79
2017,2,24,55,2017-02-24,7.1,2.36,13.49,6.14
2017,2,25,56,2017-02-25,5.43,1.58,10.16,13.52
2017,2,26,57,2017-02-26,6.4,1.99,12.34,12.93
2017,2,27,58,2017-02-27,6.16,1.57,11.38,11.6
2017,2,28,59,2017-02-28,7.44,3.87,12.46,1.77
2017,3,1,60,2017-03-01,7.5,1.07,14.97,14.6
2017,3,2,61,2017-03-02,8.79,4.72,15.02,14.26
2017,3,3,62,2017-03-03,7.32,3.79,10.34,2.57
2017,3,4,63,2017-03-04,6.53,4.6,11.15,1.77
2017,3,5,64,2017-03-05,6.84,3.12,12,11.67
2017,3,6,65,2017-03-06,7.21,3.96,12.13,8.12
2017,3,7,66,2017-03-07,7.54,3.26,13.84,15.42
2017,3,8,67,2017-03-08,7.05,-0.4,14.05,15.76
2017,3,9,68,2017-03-09,11.04,5.3,18.75,15.51
2017,3,10,69,2017-03-10,12.16,7.19,19.63,16.7
2017,3,11,70,2017-03-11,8.83,2.71,15.52,16.55
2017,3,12,71,2017-03-12,7.41,3.34,12.43,15.25
2017,3,13,72,2017-03-13,6.97,1.14,13.52,16.86
2017,3,14,73,2017-03-14,11.19,5.86,17.87,16.08
2017,3,15,74,2017-03-15,11.65,7.21,16.64,12.88
2017,3,16,75,2017-03-16,11.42,6.46,17.27,17.28
2017,3,17,76,2017-03-17,11.89,6.73,19.38,17.24
2017,3,18,77,2017-03-18,12.75,7.81,19.44,15.13
2017,3,19,78,2017-03-19,14.25,8.39,21.83,13.98
2017,3,20,79,2017-03-20,12.94,8.76,19,13.82
2017,3,21,80,2017-03-21,12.43,9.51,16.48,7.21
2017,3,22,81,2017-03-22,11.15,8.01,15.56,4.6
2017,3,23,82,2017-03-23,10.42,7.39,13.96,5.08
2017,3,24,83,2017-03-24,11.05,8.35,14.62,NA
2017,3,25,84,2017-03-25,12.68,7.84,18.19,17.84
2017,3,26,85,2017-03-26,10.95,7.65,15.85,13.78
2017,3,27,86,2017-03-27,9.76,5.13,14.8,18.66
2017,3,28,87,2017-03-28,12.26,6.3,18.16,20.31
2017,3,29,88,2017-03-29,15.22,9.22,21.12,20.27
2017,3,30,89,2017-03-30,15.96,10.1,22.26,19.71
2017,3,31,90,2017-03-31,14.66,9.7,21.16,20.2
2017,4,1,91,2017-04-01,12.2,7.98,18.04,16.83
2017,4,2,92,2017-04-02,10.81,8.18,13.92,10.34
2017,4,3,93,2017-04-03,14.6,8.75,21.38,20.63
2017,4,4,94,2017-04-04,15.07,8.85,20.78,17.38
2017,4,5,95,2017-04-05,11.17,8.65,14.35,12.7
2017,4,6,96,2017-04-06,14.61,9.35,20.17,21.14
2017,4,7,97,2017-04-07,13.22,6.42,19.88,13.19
2017,4,8,98,2017-04-08,14.86,8.23,20.67,21.44
2017,4,9,99,2017-04-09,15.56,9.2,21.08,20.9
2017,4,10,100,2017-04-10,16.25,11.05,21.9,20.85
2017,4,11,101,2017-04-11,16.35,11.03,21.73,18.47
2017,4,12,102,2017-04-12,14.59,9.82,20.38,19.1
2017,4,13,103,2017-04-13,15.7,9.34,22.95,21.22
2017,4,14,104,2017-04-14,14.96,9.42,21.39,20.14
2017,4,15,105,2017-04-15,15.33,10.91,20.68,16.6
2017,4,16,106,2017-04-16,15.31,9.19,22.29,22.49
2017,4,17,107,2017-04-17,11.94,6.55,17.86,17.79
2017,4,18,108,2017-04-18,10.04,3.46,15.8,17.17
2017,4,19,109,2017-04-19,7.43,1.14,13.63,18.36
2017,4,20,110,2017-04-20,8.06,0.12,15.5,23.77
2017,4,21,111,2017-04-21,9.04,2.16,15.89,24.93
2017,4,22,112,2017-04-22,12.49,6.34,20.77,24.67
2017,4,23,113,2017-04-23,13.47,7.66,20.04,23.05
2017,4,24,114,2017-04-24,11.73,7.39,17.07,8.47
2017,4,25,115,2017-04-25,12.86,7.23,19.07,9.72
2017,4,26,116,2017-04-26,12.11,9.81,16.15,3.5
2017,4,27,117,2017-04-27,10.73,7.85,13.12,4.3
2017,4,28,118,2017-04-28,9,4.79,15.36,23.14
2017,4,29,119,2017-04-29,9.91,2.15,16.16,25.47
2017,4,30,120,2017-04-30,10.95,4.14,16.59,19.43
2017,5,1,121,2017-05-01,8.71,5.42,12.73,4.21
2017,5,2,122,2017-05-02,9.95,3.69,16.44,24.28
2017,5,3,123,2017-05-03,10.23,7.15,13.63,13.6
2017,5,4,124,2017-05-04,10.83,6.95,15.24,14.23
2017,5,5,125,2017-05-05,13.21,5.57,19.61,25.89
2017,5,6,126,2017-05-06,11.77,8.02,16.33,4.05
2017,5,7,127,2017-05-07,14.09,7.51,20.55,8.47
2017,5,8,128,2017-05-08,15.28,9.37,21.35,20.28
2017,5,9,129,2017-05-09,14.74,8.26,20.6,24.14
2017,5,10,130,2017-05-10,13,8.75,17.02,16
2017,5,11,131,2017-05-11,13.5,9.23,17.44,4.93
2017,5,12,132,2017-05-12,14.13,9.58,18.83,14.84
2017,5,13,133,2017-05-13,16.54,10.52,22.5,24.83
2017,5,14,134,2017-05-14,16.86,12.16,21.19,20.6
2017,5,15,135,2017-05-15,18.92,12.16,24.38,25.58
2017,5,16,136,2017-05-16,19.35,13,24.32,25.41
2017,5,17,137,2017-05-17,20.39,14.17,25.49,25.33
2017,5,18,138,2017-05-18,17.88,14.59,20.54,18.34
2017,5,19,139,2017-05-19,16.36,12.4,20.94,12.69
2017,5,20,140,2017-05-20,16.31,10.65,22.5,24.62
2017,5,21,141,2017-05-21,17.46,9.18,23.19,27.53
2017,5,22,142,2017-05-22,19.28,12.93,24.75,26.6
2017,5,23,143,2017-05-23,20.95,14.65,26.69,25.48
2017,5,24,144,2017-05-24,22.73,16.3,28.7,25.5
2017,5,25,145,2017-05-25,20.76,16.34,24.71,23.18
2017,5,26,146,2017-05-26,20.14,14.72,25.07,26.3
2017,5,27,147,2017-05-27,21.32,14.83,26.41,27.27
2017,5,28,148,2017-05-28,22.8,16.21,27.76,27.06
2017,5,29,149,2017-05-29,22.95,16.64,28.47,27.2
2017,5,30,150,2017-05-30,22.59,17.24,28.74,27.05
2017,5,31,151,2017-05-31,21.65,15.62,27.81,27.02
2017,6,1,152,2017-06-01,21.62,16.91,26.79,27.35
2017,6,2,153,2017-06-02,21.79,16.7,26.58,26.24
2017,6,3,154,2017-06-03,22.2,16.87,27.99,26.3
2017,6,4,155,2017-06-04,21.38,16.33,26.82,25.66
2017,6,5,156,2017-06-05,18.2,15.64,20.71,11.84
2017,6,6,157,2017-06-06,18.8,12.96,24.51,15.66
2017,6,7,158,2017-06-07,18.85,12.28,24.35,29.4
2017,6,8,159,2017-06-08,17.74,10.96,23.52,26.14
2017,6,9,160,2017-06-09,19.45,13.37,23.96,19.91
2017,6,10,161,2017-06-10,23.38,16.88,28.66,28.08
2017,6,11,162,2017-06-11,23.7,17.56,28.33,27.89
2017,6,12,163,2017-06-12,25.05,19.46,31.02,28.14
2017,6,13,164,2017-06-13,24.82,18.85,31.26,27.74
2017,6,14,165,2017-06-14,23.89,19.76,28.59,21.56
2017,6,15,166,2017-06-15,22.89,18.64,26.91,24.15
2017,6,16,167,2017-06-16,26.07,20.18,31.9,25.44
2017,6,17,168,2017-06-17,24.93,17.96,31.36,28.74
2017,6,18,169,2017-06-18,23.14,18.28,28.1,27.44
2017,6,19,170,2017-06-19,23.64,16,29.55,28.44
2017,6,20,171,2017-06-20,25.38,19.39,31.67,28.2
2017,6,21,172,2017-06-21,25.38,19.63,31.21,26.07
2017,6,22,173,2017-06-22,26.25,20.67,32.67,27.92
2017,6,23,174,2017-06-23,27.06,20.9,33.81,27.87
2017,6,24,175,2017-06-24,26.95,22.38,32.82,25.94
2017,6,25,176,2017-06-25,25.51,21.04,30.78,24.3
2017,6,26,177,2017-06-26,23.47,19.29,27.76,25.1
2017,6,27,178,2017-06-27,22.83,18.43,27.1,16.95
2017,6,28,179,2017-06-28,20.89,17.31,24.71,13.1
2017,6,29,180,2017-06-29,19.93,14.31,25.38,14.13
2017,6,30,181,2017-06-30,18.81,13.36,23.86,21.59
2017,7,1,182,2017-07-01,19.06,13.79,23.67,22.26
2017,7,2,183,2017-07-02,21.45,13.53,27.58,27.17
2017,7,3,184,2017-07-03,23.39,16.61,29.1,28.97
2017,7,4,185,2017-07-04,23.4,16.62,28.68,28.08
2017,7,5,186,2017-07-05,24.99,18.88,30.86,28.03
2017,7,6,187,2017-07-06,26.37,19.94,32.74,28.3
2017,7,7,188,2017-07-07,27,20.81,34.03,27.23
2017,7,8,189,2017-07-08,27.95,21.16,34.5,27.71
2017,7,9,190,2017-07-09,25.22,20.84,28.81,16.62
2017,7,10,191,2017-07-10,24,18.53,30.02,24.36
2017,7,11,192,2017-07-11,22.69,18.79,26.49,16.46
2017,7,12,193,2017-07-12,24.61,18.54,30.76,24.98
2017,7,13,194,2017-07-13,26.18,18.61,32.11,27.8
2017,7,14,195,2017-07-14,23.95,19.66,28.81,24.14
2017,7,15,196,2017-07-15,23.75,17.4,29.79,27.69
2017,7,16,197,2017-07-16,22.78,16.6,28.49,27.61
2017,7,17,198,2017-07-17,23.47,17.28,29.26,27.56
2017,7,18,199,2017-07-18,24.66,18.36,30.31,27.33
2017,7,19,200,2017-07-19,25.01,19.27,30.51,26.95
2017,7,20,201,2017-07-20,24.8,19.84,31.06,22.25
2017,7,21,202,2017-07-21,23.85,19.97,28.51,20.64
2017,7,22,203,2017-07-22,24.51,18.16,30.55,26.73
2017,7,23,204,2017-07-23,25.35,19.47,31.84,26.11
2017,7,24,205,2017-07-24,24.02,17.74,29.81,17.41
2017,7,25,206,2017-07-25,22.47,16.35,28.96,26.92
2017,7,26,207,2017-07-26,22.74,15.78,30.12,24.2
2017,7,27,208,2017-07-27,23.24,16.8,31.01,22.45
2017,7,28,209,2017-07-28,24.33,17.55,32.19,25.85
2017,7,29,210,2017-07-29,24.57,19.43,30.05,21.95
2017,7,30,211,2017-07-30,24.52,19.28,30.26,24.38
2017,7,31,212,2017-07-31,26.1,19.87,32.61,24.68
2017,8,1,213,2017-08-01,27.05,21.33,32.67,24.48
2017,8,2,214,2017-08-02,28.86,22.2,35.52,25.62
2017,8,3,215,2017-08-03,29.53,22.95,36.45,25.12
2017,8,4,216,2017-08-04,30.4,24.19,37.2,25.1
2017,8,5,217,2017-08-05,30.01,23.23,36.26,25.2
2017,8,6,218,2017-08-06,27.07,20.92,31.36,13.11
2017,8,7,219,2017-08-07,23.95,18.99,29.73,23.34
2017,8,8,220,2017-08-08,23.18,19.16,26.92,14.81
2017,8,9,221,2017-08-09,23.16,18.08,28.86,19.7
2017,8,10,222,2017-08-10,22.24,16.11,27.7,11.7
2017,8,11,223,2017-08-11,17.26,13.78,21.24,12.36
2017,8,12,224,2017-08-12,20.88,12.26,28.19,24.49
2017,8,13,225,2017-08-13,22.79,16.58,28.23,23.61
2017,8,14,226,2017-08-14,23.82,17.14,29.65,21.69
2017,8,15,227,2017-08-15,24.9,17.98,31.08,24.09
2017,8,16,228,2017-08-16,25.97,20.16,31.89,23.36
2017,8,17,229,2017-08-17,26.32,20.45,31.88,22.93
2017,8,18,230,2017-08-18,26.96,20.81,33.18,21.09
2017,8,19,231,2017-08-19,24.7,20.1,30.01,21.23
2017,8,20,232,2017-08-20,21.68,15.18,28.07,23.7
2017,8,21,233,2017-08-21,21.78,14.73,28.28,23.03
2017,8,22,234,2017-08-22,22.25,15.57,28.6,22.5
2017,8,23,235,2017-08-23,23.7,16.54,31.08,22.73
2017,8,24,236,2017-08-24,23.51,18.52,28.83,20.71
2017,8,25,237,2017-08-25,25.08,18.6,31.41,21.82
2017,8,26,238,2017-08-26,25.19,20.47,31.13,20.93
2017,8,27,239,2017-08-27,27.08,20.12,33.43,21.15
2017,8,28,240,2017-08-28,27,22.01,32.16,15.56
2017,8,29,241,2017-08-29,25.24,19.93,30.85,20
2017,8,30,242,2017-08-30,25.88,19.8,32,20.53
2017,8,31,243,2017-08-31,23.21,20.34,27.01,13.65
2017,9,1,244,2017-09-01,21.84,15.33,27.49,17.73
2017,9,2,245,2017-09-02,16.24,13.05,19.65,6.06
2017,9,3,246,2017-09-03,18.13,10.81,25.03,21.69
2017,9,4,247,2017-09-04,18.47,11.58,24.86,18.88
2017,9,5,248,2017-09-05,20.97,14.98,28.16,20.55
2017,9,6,249,2017-09-06,21.31,16.07,27.51,17.65
2017,9,7,250,2017-09-07,21.64,16.09,28,19.4
2017,9,8,251,2017-09-08,18.94,15.06,24.24,14.77
2017,9,9,252,2017-09-09,17.93,15.02,22.36,8.55
2017,9,10,253,2017-09-10,15.57,13.25,19.02,7.52
2017,9,11,254,2017-09-11,18.1,12.35,24.33,17.27
2017,9,12,255,2017-09-12,18.47,13.04,25.74,19.38
2017,9,13,256,2017-09-13,16.64,10.45,24.3,17.34
2017,9,14,257,2017-09-14,17.61,11.43,26.62,5.96
2017,9,15,258,2017-09-15,14.06,8.24,20.77,7.22
2017,9,16,259,2017-09-16,14.55,10.16,20.39,15.29
2017,9,17,260,2017-09-17,14.95,10.44,20.7,16.7
2017,9,18,261,2017-09-18,13.61,9.81,16.95,10.6
2017,9,19,262,2017-09-19,14.4,7.82,21.4,17.41
2017,9,20,263,2017-09-20,15.46,8.05,23.1,18.21
2017,9,21,264,2017-09-21,15.38,9.18,22.4,17.94
2017,9,22,265,2017-09-22,16.11,10.78,22.64,16.87
2017,9,23,266,2017-09-23,16.62,12.91,21.35,14.95
2017,9,24,267,2017-09-24,17.24,12.91,24.05,15.39
2017,9,25,268,2017-09-25,15.82,10.58,21.86,13.59
2017,9,26,269,2017-09-26,16.16,11.59,21.26,14.03
2017,9,27,270,2017-09-27,17.06,11.78,22.83,14.22
2017,9,28,271,2017-09-28,17.49,13.29,23.91,14.46
2017,9,29,272,2017-09-29,16.68,12.31,22.09,11.89
2017,9,30,273,2017-09-30,15.64,11.45,20.66,8.21
2017,10,1,274,2017-10-01,14.87,11.72,19.81,6.19
2017,10,2,275,2017-10-02,14.97,10.45,20.75,10.04
2017,10,3,276,2017-10-03,15.8,10.49,22.74,6.47
2017,10,4,277,2017-10-04,15.6,11.31,20.87,9.23
2017,10,5,278,2017-10-05,16.24,10.36,24.66,14.21
2017,10,6,279,2017-10-06,15.87,9.13,23.53,15.21
2017,10,7,280,2017-10-07,13.57,6.91,21.98,15.15
2017,10,8,281,2017-10-08,14.75,9.55,22.47,14.42
2017,10,9,282,2017-10-09,14.98,9.22,21.51,14.23
2017,10,10,283,2017-10-10,15.26,10.08,21.65,13.74
2017,10,11,284,2017-10-11,14.8,9.57,21.69,11.36
2017,10,12,285,2017-10-12,15.65,9.99,23.71,13.54
2017,10,13,286,2017-10-13,16.53,11.64,22.92,13.46
2017,10,14,287,2017-10-14,17.05,12.16,23.89,13.24
2017,10,15,288,2017-10-15,17.44,12.26,24.64,13.16
2017,10,16,289,2017-10-16,17.45,11.93,24.86,13.14
2017,10,17,290,2017-10-17,16.27,12.25,23.14,10.94
2017,10,18,291,2017-10-18,14.67,9.77,21.08,12.12
2017,10,19,292,2017-10-19,13.73,10.22,19.5,9.68
2017,10,20,293,2017-10-20,13.03,9.18,19.72,7.68
2017,10,21,294,2017-10-21,13.01,8.63,19.18,6.15
2017,10,22,295,2017-10-22,12.83,8.19,19.8,7.34
2017,10,23,296,2017-10-23,13.03,7.57,20.33,11.74
2017,10,24,297,2017-10-24,14.18,6.64,22.82,10.64
2017,10,25,298,2017-10-25,13.95,8.92,20.28,10.89
2017,10,26,299,2017-10-26,13.31,9.37,20.39,8.29
2017,10,27,300,2017-10-27,14.4,9.43,23.98,10.23
2017,10,28,301,2017-10-28,12.62,8.69,18.78,7.15
2017,10,29,302,2017-10-29,14.37,7.69,24.53,6.87
2017,10,30,303,2017-10-30,11.02,5.82,17.82,9.65
2017,10,31,304,2017-10-31,10.37,6.15,16.59,9.06
2017,11,1,305,2017-11-01,10.37,5.93,16.26,9.92
2017,11,2,306,2017-11-02,9.88,5.91,15.87,5.76
2017,11,3,307,2017-11-03,11.15,7.76,17.38,9.61
2017,11,4,308,2017-11-04,10.66,8.25,14.22,3.24
2017,11,5,309,2017-11-05,9.08,5.75,11.48,1.38
2017,11,6,310,2017-11-06,6.7,4.67,10.16,2.87
2017,11,7,311,2017-11-07,7.55,5.48,11.29,5.1
2017,11,8,312,2017-11-08,7.13,5.69,9.35,3.48
2017,11,9,313,2017-11-09,7.5,6.71,9.32,2.83
2017,11,10,314,2017-11-10,8.39,5.05,12.12,6.33
2017,11,11,315,2017-11-11,7.61,4.38,14.2,7.02
2017,11,12,316,2017-11-12,8.22,4.41,15.05,3.28
2017,11,13,317,2017-11-13,6.45,2.15,11.62,3.74
2017,11,14,318,2017-11-14,5.88,0.06,12.89,8.53
2017,11,15,319,2017-11-15,6.2,2.14,12.28,8.25
2017,11,16,320,2017-11-16,7.46,4.19,13.4,8.2
2017,11,17,321,2017-11-17,7.51,4.56,13.24,7.83
2017,11,18,322,2017-11-18,7.15,3.77,13.77,7.96
2017,11,19,323,2017-11-19,7.13,2.27,15.79,7.9
2017,11,20,324,2017-11-20,5.5,1.91,12.11,7.58
2017,11,21,325,2017-11-21,6.91,2.35,14.06,7.07
2017,11,22,326,2017-11-22,7.21,4.35,11.89,5.48
2017,11,23,327,2017-11-23,7.96,5.4,12.85,4.97
2017,11,24,328,2017-11-24,6.93,4.48,10.46,2.65
2017,11,25,329,2017-11-25,6.54,2.98,10.22,1.42
2017,11,26,330,2017-11-26,3.7,0.07,10.27,7.27
2017,11,27,331,2017-11-27,2.86,-0.48,9.14,7.18
2017,11,28,332,2017-11-28,1.89,-0.68,6.66,2.47
2017,11,29,333,2017-11-29,1.61,-0.12,5.13,2.16
2017,11,30,334,2017-11-30,3.57,-0.33,9.4,6.65
2017,12,1,335,2017-12-01,-0.2,-2.62,0.91,3.34
2017,12,2,336,2017-12-02,1.06,0.05,2.91,1.92
2017,12,3,337,2017-12-03,1.64,-1.09,6.26,6.92
2017,12,4,338,2017-12-04,2.39,-0.3,8.28,5.11
2017,12,5,339,2017-12-05,4.24,0.21,9.29,NA
2017,12,6,340,2017-12-06,4.62,2.58,9.33,6.59
2017,12,7,341,2017-12-07,3.41,1.23,7.15,4.63
2017,12,8,342,2017-12-08,2.44,0.43,7.04,3.98
2017,12,9,343,2017-12-09,1.4,-1.8,6.52,6.44
2017,12,10,344,2017-12-10,-0.69,-3.06,3.07,1.27
2017,12,11,345,2017-12-11,0.75,-1.19,2.23,0.53
2017,12,12,346,2017-12-12,0.5,-3.61,4.51,3.07
2017,12,13,347,2017-12-13,-0.68,-4.89,4.8,5.51
2017,12,14,348,2017-12-14,1.55,-0.56,6.45,5.15
2017,12,15,349,2017-12-15,1.88,-1.01,6.79,4.2
2017,12,16,350,2017-12-16,0.31,-2.08,5.03,4.86
2017,12,17,351,2017-12-17,0.17,-3.54,6.58,6.26
2017,12,18,352,2017-12-18,-1.32,-3.87,1.27,4.27
2017,12,19,353,2017-12-19,-0.77,-3.2,4.22,6.02
2017,12,20,354,2017-12-20,-0.41,-2.69,3.92,6
2017,12,21,355,2017-12-21,0.18,-3.26,4.43,5.89
2017,12,22,356,2017-12-22,3.11,1.31,6.52,3.06
2017,12,23,357,2017-12-23,5.29,3.58,8.32,5.18
2017,12,24,358,2017-12-24,4.93,3.36,9.21,6.23
2017,12,25,359,2017-12-25,3.58,0.86,7.95,4.97
2017,12,26,360,2017-12-26,2.7,1.74,4.44,1.64
2017,12,27,361,2017-12-27,1.05,-0.62,2.03,0.57
2017,12,28,362,2017-12-28,0.09,-4.39,5.01,5.54
2017,12,29,363,2017-12-29,-1.43,-5.06,4.63,6.28
2017,12,30,364,2017-12-30,0.94,-1.68,5.55,4.41
2017,12,31,365,2017-12-31,1.69,0.16,4.76,3.08
2018,1,1,1,2018-01-01,2.81,0.01,8.74,2.64
2018,1,2,2,2018-01-02,4.49,0.5,10.57,6.44
2018,1,3,3,2018-01-03,5.42,0.98,11.2,1.77
2018,1,4,4,2018-01-04,6.11,2.2,12.17,5.75
2018,1,5,5,2018-01-05,4.05,2.43,7.34,2.43
2018,1,6,6,2018-01-06,4.9,3.27,6.98,1.73
2018,1,7,7,2018-01-07,6.4,5.11,7.53,1.47
2018,1,8,8,2018-01-08,8.26,6.9,9.52,1.72
2018,1,9,9,2018-01-09,7.13,3.43,10.21,2.02
2018,1,10,10,2018-01-10,5.04,2.79,8.77,4
2018,1,11,11,2018-01-11,5.05,3.12,8.8,5.14
2018,1,12,12,2018-01-12,4.68,2.57,8.02,5.63
2018,1,13,13,2018-01-13,4.08,0.56,9.43,7.03
2018,1,14,14,2018-01-14,1.71,-0.65,5.65,5.12
2018,1,15,15,2018-01-15,1.3,-0.89,5.39,3.03
2018,1,16,16,2018-01-16,2.44,0.02,7.82,4.76
2018,1,17,17,2018-01-17,3.81,1.04,9.79,4.56
2018,1,18,18,2018-01-18,3.23,-0.73,9.72,7.49
2018,1,19,19,2018-01-19,5.85,2.41,12.39,7.44
2018,1,20,20,2018-01-20,2.5,-0.42,7.18,6.05
2018,1,21,21,2018-01-21,5.3,-0.35,13.92,7.55
2018,1,22,22,2018-01-22,4.38,-0.01,11.08,7.12
2018,1,23,23,2018-01-23,5.07,1.36,11.87,7.93
2018,1,24,24,2018-01-24,3.18,0.87,7.67,7.47
2018,1,25,25,2018-01-25,4.26,1.51,7.96,1.42
2018,1,26,26,2018-01-26,4.4,3.66,5.65,1.82
2018,1,27,27,2018-01-27,5.84,3.68,10.03,5.46
2018,1,28,28,2018-01-28,6.41,2.17,11.99,6.51
2018,1,29,29,2018-01-29,6.3,3.23,11.34,7.05
2018,1,30,30,2018-01-30,5.73,2.03,11.88,7.13
2018,1,31,31,2018-01-31,5.11,2.9,9.75,3.22
2018,2,1,32,2018-02-01,4.21,1.66,7.43,2.07
2018,2,2,33,2018-02-02,3.75,1,9.52,5.78
2018,2,3,34,2018-02-03,2.68,-0.29,8.56,8.2
2018,2,4,35,2018-02-04,1.32,-0.92,4.7,8.22
2018,2,5,36,2018-02-05,1.35,-0.22,3.48,2.48
2018,2,6,37,2018-02-06,1.68,0.25,4.02,NA
2018,2,7,38,2018-02-07,3.67,0.63,8.19,6.51
2018,2,8,39,2018-02-08,4.12,0.99,8.7,NA
2018,2,9,40,2018-02-09,3.79,1.08,7.87,6.7
2018,2,10,41,2018-02-10,3.43,-0.75,8.95,9.98
2018,2,11,42,2018-02-11,2.67,-2.03,8.59,8.91
2018,2,12,43,2018-02-12,1.78,-3.17,7.13,8.07
2018,2,13,44,2018-02-13,-0.01,-4.89,6.11,11.18
2018,2,14,45,2018-02-14,1.58,-1.92,7.29,11.73
2018,2,15,46,2018-02-15,1.91,-2,7.11,9.97
2018,2,16,47,2018-02-16,4.95,1.26,11.48,8.39
2018,2,17,48,2018-02-17,3.4,1.2,6.1,4.26
2018,2,18,49,2018-02-18,3.4,-0.14,9.12,6.2
2018,2,19,50,2018-02-19,2.42,-0.39,7.06,4.73
2018,2,20,51,2018-02-20,1.97,-2.06,7.93,10.85
2018,2,21,52,2018-02-21,2.37,-2.06,7.97,12.13
2018,2,22,53,2018-02-22,1.3,-0.01,3.48,4.26
2018,2,23,54,2018-02-23,1.35,-0.68,4.32,2.89
2018,2,24,55,2018-02-24,3.77,0.57,8.5,6.63
2018,2,25,56,2018-02-25,-1.18,-4.37,1.08,3.09
2018,2,26,57,2018-02-26,-4.21,-7.32,-1.02,12.24
2018,2,27,58,2018-02-27,-4.59,-6.15,-2.14,11.99
2018,2,28,59,2018-02-28,-3.57,-6.98,0.44,9.91
2018,3,1,60,2018-03-01,-3.3,-4.63,-1.48,4.36
2018,3,2,61,2018-03-02,-1.45,-3.37,1.93,3.47
2018,3,3,62,2018-03-03,-1.19,-3.31,1.17,2.76
2018,3,4,63,2018-03-04,0.83,-3.3,5.49,7.9
2018,3,5,64,2018-03-05,2.29,0.34,4.72,6.3
2018,3,6,65,2018-03-06,3.95,2.06,7.6,5.61
2018,3,7,66,2018-03-07,4.49,1.51,9.68,3.64
2018,3,8,67,2018-03-08,6.55,1.7,13.25,15.58
2018,3,9,68,2018-03-09,7.29,3.07,13.48,13.71
2018,3,10,69,2018-03-10,6.52,4.54,9.23,3.22
2018,3,11,70,2018-03-11,5.53,4.41,6.35,1.91
2018,3,12,71,2018-03-12,7.26,3.71,12.26,7.65
2018,3,13,72,2018-03-13,9.39,3,15.76,15.15
2018,3,14,73,2018-03-14,8.36,2.16,15.71,16.99
2018,3,15,74,2018-03-15,5.66,4.41,7.46,3.49
2018,3,16,75,2018-03-16,7.66,0.67,14.46,17.25
2018,3,17,76,2018-03-17,6.22,3.75,8.27,3.72
2018,3,18,77,2018-03-18,4.51,3.02,6.17,4.29
2018,3,19,78,2018-03-19,3.59,0.94,7.71,5.61
2018,3,20,79,2018-03-20,3.85,0.13,9.17,11.19
2018,3,21,80,2018-03-21,2.91,-1.01,7.17,15.1
2018,3,22,81,2018-03-22,3.62,-1.9,10.49,18.21
2018,3,23,82,2018-03-23,5.8,-0.79,13.05,19.27
2018,3,24,83,2018-03-24,5.08,-0.24,9.87,10.72
2018,3,25,84,2018-03-25,6.07,0.89,11.77,15.79
2018,3,26,85,2018-03-26,8.87,3.37,15.1,18.73
2018,3,27,86,2018-03-27,9.49,4.39,15.36,18.25
2018,3,28,87,2018-03-28,9.18,4.03,15.69,15.65
2018,3,29,88,2018-03-29,10.05,6.53,14.54,6.71
2018,3,30,89,2018-03-30,10.08,6.78,14.26,11.56
2018,3,31,90,2018-03-31,8.12,5.12,11.04,6.58
2018,4,1,91,2018-04-01,10.21,4.29,16.91,19.9
2018,4,2,92,2018-04-02,8.76,2.89,15.27,15.08
2018,4,3,93,2018-04-03,8.43,5.87,11.45,7.25
2018,4,4,94,2018-04-04,7.55,5.46,9.37,2.76
2018,4,5,95,2018-04-05,10.61,5.01,17.33,18.22
2018,4,6,96,2018-04-06,11.33,5.37,17.42,19.18
2018,4,7,97,2018-04-07,12.3,6.66,18.37,15.28
2018,4,8,98,2018-04-08,12.36,7.94,17.36,16.09
2018,4,9,99,2018-04-09,9.82,7.63,12.11,5.92
2018,4,10,100,2018-04-10,8.84,6.07,12.92,3.59
2018,4,11,101,2018-04-11,8.77,5.57,11.92,6.86
2018,4,12,102,2018-04-12,9.56,6.81,12.85,11.84
2018,4,13,103,2018-04-13,9.92,5.27,14.75,13.65
2018,4,14,104,2018-04-14,12.5,7.05,17.85,19.23
2018,4,15,105,2018-04-15,13.59,9.58,18.78,6.51
2018,4,16,106,2018-04-16,15.67,9.98,21.5,20.46
2018,4,17,107,2018-04-17,16.55,11.35,21.77,21.71
2018,4,18,108,2018-04-18,17.16,11.49,22.56,22.95
2018,4,19,109,2018-04-19,17.74,12.04,23.19,23.14
2018,4,20,110,2018-04-20,19.31,13.05,24.81,23.71
2018,4,21,111,2018-04-21,20.24,14.05,25.98,23.96
2018,4,22,112,2018-04-22,18.76,12.4,24.87,23.37
2018,4,23,113,2018-04-23,17.94,12.81,23.99,22.15
2018,4,24,114,2018-04-24,17.99,12.42,23.67,22.87
2018,4,25,115,2018-04-25,17.72,12.44,23.9,23.43
2018,4,26,116,2018-04-26,18,12.02,23.98,23.28
2018,4,27,117,2018-04-27,15.54,13.36,18.7,13.49
2018,4,28,118,2018-04-28,17.49,13.05,22.03,20.52
2018,4,29,119,2018-04-29,17.04,13.19,21.92,16.25
2018,4,30,120,2018-04-30,13.88,7.73,19.8,19.73
2018,5,1,121,2018-05-01,11.78,8.05,15.78,12.41
2018,5,2,122,2018-05-02,11.29,9.42,13.22,5.04
2018,5,3,123,2018-05-03,14.3,10.25,18.03,4.11
2018,5,4,124,2018-05-04,16.43,12.59,20.28,11.2
2018,5,5,125,2018-05-05,17.7,12.24,22.2,19.8
2018,5,6,126,2018-05-06,20.05,14.97,24.78,24.47
2018,5,7,127,2018-05-07,16.79,14.44,18.74,16.36
2018,5,8,128,2018-05-08,18.07,13.98,22.07,23.13
2018,5,9,129,2018-05-09,16.26,12.31,20.46,18.26
2018,5,10,130,2018-05-10,16.62,12.79,20.11,21.61
2018,5,11,131,2018-05-11,17.87,12.53,22.32,20.32
2018,5,12,132,2018-05-12,17.54,13.67,21.73,21.95
2018,5,13,133,2018-05-13,15.12,10.79,20.11,17.35
2018,5,14,134,2018-05-14,11.64,8.42,14.92,16.75
2018,5,15,135,2018-05-15,12.83,8.54,18.07,14.12
2018,5,16,136,2018-05-16,13.9,9.19,18.34,21.73
2018,5,17,137,2018-05-17,15.52,10.39,20.05,19.81
2018,5,18,138,2018-05-18,17.14,11.74,21.19,24
2018,5,19,139,2018-05-19,16.82,11.99,21,20.56
2018,5,20,140,2018-05-20,16.01,13.04,19.23,14.93
2018,5,21,141,2018-05-21,16.8,12.83,20.33,20.38
2018,5,22,142,2018-05-22,15.42,13.96,17.43,6.32
2018,5,23,143,2018-05-23,17.23,12.87,21.36,19.87
2018,5,24,144,2018-05-24,19.08,14.33,23.7,24.38
2018,5,25,145,2018-05-25,20.79,15.18,25.75,25.75
2018,5,26,146,2018-05-26,21.21,16.83,24.36,23.98
2018,5,27,147,2018-05-27,19.21,16.68,21.57,24.14
2018,5,28,148,2018-05-28,18.82,16.36,21.59,20.24
2018,5,29,149,2018-05-29,19.78,15.41,23.9,20.62
2018,5,30,150,2018-05-30,20.33,15.89,24.52,16.12
2018,5,31,151,2018-05-31,19.56,15.74,22.98,18.44
2018,6,1,152,2018-06-01,19.74,14.29,24.73,26.82
2018,6,2,153,2018-06-02,19.91,14.87,24.43,24.97
2018,6,3,154,2018-06-03,20.91,16.21,25.19,25.05
2018,6,4,155,2018-06-04,19.16,16.25,21.71,14.73
2018,6,5,156,2018-06-05,20.43,15.45,24.89,27.41
2018,6,6,157,2018-06-06,19.49,16.58,23.27,19.54
2018,6,7,158,2018-06-07,19.75,15.53,23.61,25.6
2018,6,8,159,2018-06-08,18.91,16.18,22.58,16.33
2018,6,9,160,2018-06-09,20.79,16,25.55,27.25
2018,6,10,161,2018-06-10,21.38,16.85,25.52,24.35
2018,6,11,162,2018-06-11,20.43,17.49,23.38,11.21
2018,6,12,163,2018-06-12,20.6,17.52,23.89,14.53
2018,6,13,164,2018-06-13,17.67,15.39,19.93,15.64
2018,6,14,165,2018-06-14,20.05,13.49,24.6,27.06
2018,6,15,166,2018-06-15,20.84,14.49,24.74,25.99
2018,6,16,167,2018-06-16,21.92,16.25,25.84,27.58
2018,6,17,168,2018-06-17,22.94,18.58,26.55,26.66
2018,6,18,169,2018-06-18,22.99,17.56,26.9,27.54
2018,6,19,170,2018-06-19,24.04,18.74,28.08,28.01
2018,6,20,171,2018-06-20,24.05,19.56,27.46,25.86
2018,6,21,172,2018-06-21,24.29,20.12,28.25,27.02
2018,6,22,173,2018-06-22,22.61,16.01,27.73,26.63
2018,6,23,174,2018-06-23,19.51,14.03,24.01,26.73
2018,6,24,175,2018-06-24,19.27,15.03,21.73,21.94
2018,6,25,176,2018-06-25,20.13,16.2,24.29,25.21
2018,6,26,177,2018-06-26,20.21,14.81,24.82,27.57
2018,6,27,178,2018-06-27,21.9,16.51,26.82,28.35
2018,6,28,179,2018-06-28,21.28,15.48,25.96,26.27
2018,6,29,180,2018-06-29,23,16.24,28.05,28.13
2018,6,30,181,2018-06-30,24.61,19.15,29.95,28.44
2018,7,1,182,2018-07-01,24.51,19.3,29.74,28
2018,7,2,183,2018-07-02,23.47,18.6,27.97,25.81
2018,7,3,184,2018-07-03,24.57,19.82,29.03,25.99
2018,7,4,185,2018-07-04,23.45,18.55,28.56,28.15
2018,7,5,186,2018-07-05,22.43,18.61,26.18,21.64
2018,7,6,187,2018-07-06,23.57,17.52,28.24,28.18
2018,7,7,188,2018-07-07,24.16,17.51,28.66,28.2
2018,7,8,189,2018-07-08,24.12,18.07,28.58,28.22
2018,7,9,190,2018-07-09,24.19,18.97,28.49,27.88
2018,7,10,191,2018-07-10,23.35,19.72,27.83,22.19
2018,7,11,192,2018-07-11,21.98,18.81,25.71,21.46
2018,7,12,193,2018-07-12,21.18,18.11,23.73,18.84
2018,7,13,194,2018-07-13,23.35,18.18,27.98,25.64
2018,7,14,195,2018-07-14,24.11,20.02,27.68,25.44
2018,7,15,196,2018-07-15,23.72,19.41,27.29,24.37
2018,7,16,197,2018-07-16,21.59,18.51,25.15,13.18
2018,7,17,198,2018-07-17,24.44,17.12,29.74,27.25
2018,7,18,199,2018-07-18,25.16,20.25,29.79,28.18
2018,7,19,200,2018-07-19,25.35,20.24,30.02,27.22
2018,7,20,201,2018-07-20,24.76,20.41,29.35,24.18
2018,7,21,202,2018-07-21,20.55,18.26,22.82,14.45
2018,7,22,203,2018-07-22,22.63,16.9,27.33,26.71
2018,7,23,204,2018-07-23,24.82,19.66,29.35,26.82
2018,7,24,205,2018-07-24,24.8,18.79,29.39,25.52
2018,7,25,206,2018-07-25,25.41,20.17,29.54,25.98
2018,7,26,207,2018-07-26,26.52,21.78,30.87,25.89
2018,7,27,208,2018-07-27,24.03,19.96,28.84,25.89
2018,7,28,209,2018-07-28,24.08,20.47,28.07,18.8
2018,7,29,210,2018-07-29,25.13,19.43,29.98,25.98
2018,7,30,211,2018-07-30,27.44,22.04,32,25.7
2018,7,31,212,2018-07-31,28.01,22.29,32.71,25.82
2018,8,1,213,2018-08-01,28.36,23.85,33.06,23.73
2018,8,2,214,2018-08-02,26.57,22.99,30.25,25.04
2018,8,3,215,2018-08-03,25.02,22.48,27.24,24.42
2018,8,4,216,2018-08-04,26.88,21.49,32.13,24.85
2018,8,5,217,2018-08-05,26.11,21.46,29.31,24.85
2018,8,6,218,2018-08-06,27.09,23.93,30.16,22.93
2018,8,7,219,2018-08-07,25.11,20.63,28.58,24.47
2018,8,8,220,2018-08-08,25.34,21.04,28.63,23.56
2018,8,9,221,2018-08-09,23.67,20.81,26.14,22.6
2018,8,10,222,2018-08-10,23.85,19.35,28.64,22.54
2018,8,11,223,2018-08-11,24.68,19.18,29.24,22.22
2018,8,12,224,2018-08-12,23.84,19.21,28.06,17.09
2018,8,13,225,2018-08-13,21.73,19.09,24.32,10.14
2018,8,14,226,2018-08-14,22.23,18.17,26.51,17.85
2018,8,15,227,2018-08-15,23.19,18.1,28.02,23.92
2018,8,16,228,2018-08-16,23.69,18.24,28.67,22.6
2018,8,17,229,2018-08-17,23.94,18.49,28.61,22.63
2018,8,18,230,2018-08-18,24.71,19.37,28.91,21.57
2018,8,19,231,2018-08-19,25.23,20.08,29.9,22.4
2018,8,20,232,2018-08-20,25.95,20.98,31.19,22.52
2018,8,21,233,2018-08-21,25.95,21.47,30.58,20.45
2018,8,22,234,2018-08-22,26.16,20.45,31.35,21.93
2018,8,23,235,2018-08-23,25.57,19.97,30.78,20.91
2018,8,24,236,2018-08-24,24.25,20.14,29.16,21.11
2018,8,25,237,2018-08-25,20.4,14.8,24.2,11.39
2018,8,26,238,2018-08-26,18.04,11.64,24.86,22.9
2018,8,27,239,2018-08-27,19.02,11.63,26.35,22.35
2018,8,28,240,2018-08-28,21.97,16.14,28.24,22.42
2018,8,29,241,2018-08-29,22.67,16.75,28.18,20.1
2018,8,30,242,2018-08-30,23.38,18.43,28.77,20.82
2018,8,31,243,2018-08-31,19.77,15.97,22.79,7.25
2018,9,1,244,2018-09-01,17.2,13.8,21.1,10.15
2018,9,2,245,2018-09-02,17.25,13.75,21.4,12.44
2018,9,3,246,2018-09-03,18.36,13.47,23.25,20.49
2018,9,4,247,2018-09-04,20.13,14.56,25.54,20.94
2018,9,5,248,2018-09-05,21.66,16.69,26.76,20.21
2018,9,6,249,2018-09-06,20.55,16.58,24.93,17.55
2018,9,7,250,2018-09-07,20.39,16.47,25.11,18.64
2018,9,8,251,2018-09-08,21.51,16.66,26.3,19.38
2018,9,9,252,2018-09-09,22.1,16.37,27.32,19.43
2018,9,10,253,2018-09-10,23.19,17.7,27.92,19.14
2018,9,11,254,2018-09-11,23.72,17.99,29.14,19.22
2018,9,12,255,2018-09-12,23.66,17.94,29.17,18.81
2018,9,13,256,2018-09-13,23.27,19.66,27.9,17.39
2018,9,14,257,2018-09-14,22.4,18.26,27.13,18
2018,9,15,258,2018-09-15,22.34,18.68,27.27,15.21
2018,9,16,259,2018-09-16,20.93,17.38,25.13,11.77
2018,9,17,260,2018-09-17,21.03,16.73,25.41,15.22
2018,9,18,261,2018-09-18,21.23,17.07,25.91,14.12
2018,9,19,262,2018-09-19,21.97,17.05,26.82,17.17
2018,9,20,263,2018-09-20,22.75,17.95,28.01,17.19
2018,9,21,264,2018-09-21,22.44,18.15,28.3,16.15
2018,9,22,265,2018-09-22,22.09,17.37,27.73,15.83
2018,9,23,266,2018-09-23,21.92,16.76,28.91,16.48
2018,9,24,267,2018-09-24,19.13,14.24,25.06,17.32
2018,9,25,268,2018-09-25,14.97,10.31,20.07,15.03
2018,9,26,269,2018-09-26,13.06,7.57,18.9,16.56
2018,9,27,270,2018-09-27,15.46,8.83,23.01,16.84
2018,9,28,271,2018-09-28,18.19,12.27,25.41,16.75
2018,9,29,272,2018-09-29,18.1,11.45,24.92,15.74
2018,9,30,273,2018-09-30,15.82,10.55,21.9,13.49
2018,10,1,274,2018-10-01,12.14,9.01,15.15,1.24
2018,10,2,275,2018-10-02,12.97,6.73,20.01,15.64
2018,10,3,276,2018-10-03,15.74,10.3,23.02,15.28
2018,10,4,277,2018-10-04,15.84,10.22,22.4,15.08
2018,10,5,278,2018-10-05,15.75,10.45,21.73,15
2018,10,6,279,2018-10-06,15.18,11.99,19.97,4.28
2018,10,7,280,2018-10-07,16.24,11.27,21.93,13.6
2018,10,8,281,2018-10-08,17.29,12.82,22.77,13.47
2018,10,9,282,2018-10-09,17.43,13.55,23.16,12.87
2018,10,10,283,2018-10-10,16.32,12.25,20.81,9.09
2018,10,11,284,2018-10-11,13.83,13.07,14.88,2.93
2018,10,12,285,2018-10-12,16.81,12.64,22.03,13.1
2018,10,13,286,2018-10-13,16.36,12.26,21.99,12.67
2018,10,14,287,2018-10-14,14.63,10.28,20.2,12.59
2018,10,15,288,2018-10-15,14.35,10.19,19.57,9.24
2018,10,16,289,2018-10-16,14.98,12.11,19.14,9.9
2018,10,17,290,2018-10-17,15.49,12.34,19.56,8.35
2018,10,18,291,2018-10-18,16.97,13.6,21.8,11.03
2018,10,19,292,2018-10-19,17.41,13.41,22.9,11.75
2018,10,20,293,2018-10-20,16.74,11.94,22.33,11.23
2018,10,21,294,2018-10-21,15.27,10.59,21.32,10.23
2018,10,22,295,2018-10-22,12.05,7.82,17.48,11.89
2018,10,23,296,2018-10-23,13.35,8.43,19.74,9.91
2018,10,24,297,2018-10-24,18.06,11.94,27.44,11.19
2018,10,25,298,2018-10-25,15.57,11.91,21.1,10.48
2018,10,26,299,2018-10-26,14.96,11.7,20.29,4.74
2018,10,27,300,2018-10-27,13.18,12.11,15.35,1.62
2018,10,28,301,2018-10-28,13.06,11.77,14.79,1.75
2018,10,29,302,2018-10-29,13.7,9.71,16.56,0.81
2018,10,30,303,2018-10-30,8.53,5.81,14.3,5.33
2018,10,31,304,2018-10-31,8.93,6.05,11.32,2.31
2018,11,1,305,2018-11-01,10,7.77,13.53,4.19
2018,11,2,306,2018-11-02,10.61,7.82,14.3,3.21
2018,11,3,307,2018-11-03,11.69,9.29,15.37,3.98
2018,11,4,308,2018-11-04,13.15,11,16.56,3.77
2018,11,5,309,2018-11-05,12.68,10.23,15.63,2.7
2018,11,6,310,2018-11-06,12.63,10.83,15.24,3.59
2018,11,7,311,2018-11-07,11.41,8.26,15.57,4.81
2018,11,8,312,2018-11-08,11.19,8.4,14.57,4.79
2018,11,9,313,2018-11-09,11.03,9.74,13.05,2.53
2018,11,10,314,2018-11-10,10.54,8.94,12.77,2.24
2018,11,11,315,2018-11-11,10.98,8.66,14.34,1.7
2018,11,12,316,2018-11-12,11.67,9.24,15.36,2.78
2018,11,13,317,2018-11-13,12.12,9.76,16.9,5.43
2018,11,14,318,2018-11-14,11.38,8.83,14.98,5.9
2018,11,15,319,2018-11-15,10.47,8.77,13.62,4.64
2018,11,16,320,2018-11-16,7.92,4.03,10.85,3.79
2018,11,17,321,2018-11-17,4.9,1.99,9.47,6.1
2018,11,18,322,2018-11-18,3.42,-0.54,8.37,7.53
2018,11,19,323,2018-11-19,1.51,-0.3,2.68,2.27
2018,11,20,324,2018-11-20,2.99,0.66,6.99,2.18
2018,11,21,325,2018-11-21,2.67,0.41,4.74,3.72
2018,11,22,326,2018-11-22,4.49,1.79,9.69,3.81
2018,11,23,327,2018-11-23,4.48,2.97,6.24,1.39
2018,11,24,328,2018-11-24,5.62,2.99,9.63,2.94
2018,11,25,329,2018-11-25,6.5,4.15,10.04,4.25
2018,11,26,330,2018-11-26,6.45,3.5,10.66,4.68
2018,11,27,331,2018-11-27,6.65,3.78,12.77,6.92
2018,11,28,332,2018-11-28,5.77,2.44,10.89,6.75
2018,11,29,333,2018-11-29,2.82,0.38,7.1,4.67
2018,11,30,334,2018-11-30,0.88,-0.61,3.41,2.25
2018,12,1,335,2018-12-01,2.33,-0.81,7.51,5.41
2018,12,2,336,2018-12-02,2.72,0.55,6.65,2.67
2018,12,3,337,2018-12-03,4.16,1.93,7.65,5.92
2018,12,4,338,2018-12-04,8.55,3.35,16.41,6.64
2018,12,5,339,2018-12-05,6.39,3.9,10.62,5.72
2018,12,6,340,2018-12-06,5.88,4.4,9.78,4.75
2018,12,7,341,2018-12-07,5.59,3.27,9.45,4.84
2018,12,8,342,2018-12-08,6.56,3.7,12.85,6.56
2018,12,9,343,2018-12-09,7.2,3.96,13.99,5.3
2018,12,10,344,2018-12-10,6.66,2.83,12.54,5.89
2018,12,11,345,2018-12-11,4.18,0.79,9.76,6.58
2018,12,12,346,2018-12-12,0.7,-1.94,5.13,6.26
2018,12,13,347,2018-12-13,-0.3,-2,3.37,4.17
2018,12,14,348,2018-12-14,-0.3,-2.39,4.26,6.26
2018,12,15,349,2018-12-15,-0.18,-2.57,4.87,6.33
2018,12,16,350,2018-12-16,-0.28,-1.96,1.75,2.12
2018,12,17,351,2018-12-17,1.08,-1.05,5.53,5.14
2018,12,18,352,2018-12-18,1.13,-1.41,5.19,4.09
2018,12,19,353,2018-12-19,-0.12,-1.04,1.66,1.31
2018,12,20,354,2018-12-20,-0.45,-2.56,3.58,3.32
2018,12,21,355,2018-12-21,0.2,-1.59,3.19,3.56
2018,12,22,356,2018-12-22,3.6,-0.03,8.66,5.03
2018,12,23,357,2018-12-23,5.56,3.86,7.76,3.47
2018,12,24,358,2018-12-24,6.77,1.75,14.87,5.64
2018,12,25,359,2018-12-25,4.14,0.68,9.53,5.51
2018,12,26,360,2018-12-26,1.15,-0.88,4.53,4.52
2018,12,27,361,2018-12-27,2.37,0.96,5.16,5.17
2018,12,28,362,2018-12-28,4.35,2.07,7.02,3.23
2018,12,29,363,2018-12-29,6.08,3.67,10.67,6.17
2018,12,30,364,2018-12-30,7.58,3.97,12.47,5.53
2018,12,31,365,2018-12-31,6.5,3.28,11.9,6.1
2019,1,1,1,2019-01-01,2.18,-0.39,6.57,5.22
2019,1,2,2,2019-01-02,3.16,-0.59,9,6.59
2019,1,3,3,2019-01-03,0.82,-2.14,6.8,6.16
2019,1,4,4,2019-01-04,0.84,-1.43,6.14,5.65
2019,1,5,5,2019-01-05,2.97,-0.27,8.04,6.46
2019,1,6,6,2019-01-06,5.06,1.39,12.41,6.69
2019,1,7,7,2019-01-07,3.84,0.08,9.09,6.67
2019,1,8,8,2019-01-08,2.48,-1.24,7.95,4.39
2019,1,9,9,2019-01-09,2.29,-0.32,8.32,6.22
2019,1,10,10,2019-01-10,0.84,-2.26,7.63,7.02
2019,1,11,11,2019-01-11,0.53,-2.9,6.09,6.61
2019,1,12,12,2019-01-12,3.27,0.03,9.41,5.07
2019,1,13,13,2019-01-13,4.98,0.79,10.5,5.64
2019,1,14,14,2019-01-14,6.2,2.58,12.24,7.43
2019,1,15,15,2019-01-15,4.18,0.04,10.48,7.23
2019,1,16,16,2019-01-16,3.96,0.85,8.78,6.16
2019,1,17,17,2019-01-17,3.41,0.47,6.6,3.27
2019,1,18,18,2019-01-18,2.17,-1.37,8.15,6.93
2019,1,19,19,2019-01-19,0.95,-0.85,4.04,3.7
2019,1,20,20,2019-01-20,0.5,-2.08,5.13,7.41
2019,1,21,21,2019-01-21,1.26,-1.23,6.12,7.87
2019,1,22,22,2019-01-22,0.47,-2.33,5.03,7.57
2019,1,23,23,2019-01-23,-1.43,-2.46,0.46,2.67
2019,1,24,24,2019-01-24,0.57,-3.17,5.72,7.37
2019,1,25,25,2019-01-25,-0.48,-4.51,6.23,8.56
2019,1,26,26,2019-01-26,2.31,-0.55,8.69,7.54
2019,1,27,27,2019-01-27,0.61,-1.06,3.01,1.79
2019,1,28,28,2019-01-28,1.82,-1.54,7.97,8.61
2019,1,29,29,2019-01-29,1.69,-1.34,7.65,9.11
2019,1,30,30,2019-01-30,-0.3,-1.74,2.62,4.28
2019,1,31,31,2019-01-31,-0.02,-2.35,3.99,4.72
2019,2,1,32,2019-02-01,-0.36,-1.44,0.96,1.64
2019,2,2,33,2019-02-02,0.11,-2.27,1.78,2.96
2019,2,3,34,2019-02-03,1.81,-2.18,4.82,3.83
2019,2,4,35,2019-02-04,1.21,-3.7,6.76,9.39
2019,2,5,36,2019-02-05,2.71,-1.31,7.42,9.94
2019,2,6,37,2019-02-06,3.51,0.88,8.22,10.3
2019,2,7,38,2019-02-07,2.01,-0.03,5.11,4.52
2019,2,8,39,2019-02-08,3.51,-1.02,9.39,10.08
2019,2,9,40,2019-02-09,3.69,-0.49,9.66,9.62
2019,2,10,41,2019-02-10,4.48,2.93,7.34,1.73
2019,2,11,42,2019-02-11,4.59,1.3,10.1,10.29
2019,2,12,43,2019-02-12,4.49,-1.62,13.41,11
2019,2,13,44,2019-02-13,4.43,-0.33,10.02,11.22
2019,2,14,45,2019-02-14,6.38,1.59,12.55,11.36
2019,2,15,46,2019-02-15,6.83,3.66,13.42,11.82
2019,2,16,47,2019-02-16,7.27,2.99,12.89,12.09
2019,2,17,48,2019-02-17,8.42,4.45,14.56,12.34
2019,2,18,49,2019-02-18,7.43,4.49,13.36,12.36
2019,2,19,50,2019-02-19,6.39,3.1,13,12.52
2019,2,20,51,2019-02-20,6.93,3.08,13,11.87
2019,2,21,52,2019-02-21,8,4.58,14.01,12.37
2019,2,22,53,2019-02-22,10.41,4.43,19.57,13.07
2019,2,23,54,2019-02-23,5.38,2.12,9.2,9.19
2019,2,24,55,2019-02-24,4.03,-0.85,9.46,13.43
2019,2,25,56,2019-02-25,7.73,1.85,14.14,13.6
2019,2,26,57,2019-02-26,11.47,7.24,18.18,12.36
2019,2,27,58,2019-02-27,12.44,8.27,18.33,13.95
2019,2,28,59,2019-02-28,11.01,5.99,18.98,13.99
2019,3,1,60,2019-03-01,9.55,5.13,17,13.88
2019,3,2,61,2019-03-02,8.83,4.6,13.91,9.69
2019,3,3,62,2019-03-03,9.25,3.94,16.69,14.32
2019,3,4,63,2019-03-04,8.94,5.76,15.14,3.37
2019,3,5,64,2019-03-05,9.68,6.19,15.96,15.17
2019,3,6,65,2019-03-06,8.1,3.95,12.51,6.3
2019,3,7,66,2019-03-07,9.63,5.63,16.11,4.35
2019,3,8,67,2019-03-08,9.9,5.22,16.36,14.74
2019,3,9,68,2019-03-09,9.39,5.13,15.2,14.09
2019,3,10,69,2019-03-10,11.4,6.12,19.81,13.24
2019,3,11,70,2019-03-11,7.98,1.84,13.94,10.37
2019,3,12,71,2019-03-12,6.25,-0.15,13.46,16.81
2019,3,13,72,2019-03-13,6.96,2.13,13.81,15.58
2019,3,14,73,2019-03-14,8.01,3.53,13.08,13.6
2019,3,15,74,2019-03-15,12.18,5.11,20.82,16.78
2019,3,16,75,2019-03-16,12.37,5.32,21.32,15.19
2019,3,17,76,2019-03-17,9.48,6.09,15.57,4.18
2019,3,18,77,2019-03-18,7.97,3.18,14.21,17.85
2019,3,19,78,2019-03-19,6.43,1.71,11.76,17.86
2019,3,20,79,2019-03-20,6.44,0.84,12.11,17.94
2019,3,21,80,2019-03-21,7.64,0.82,13.56,18.85
2019,3,22,81,2019-03-22,11.19,5.45,17.73,19.03
2019,3,23,82,2019-03-23,13.94,8.31,19.88,18.9
2019,3,24,83,2019-03-24,14.44,8.64,21.45,19.28
2019,3,25,84,2019-03-25,12.95,5.31,21.08,19.38
2019,3,26,85,2019-03-26,8.04,2.91,14.28,20.03
2019,3,27,86,2019-03-27,7.97,2.88,13.62,19.52
2019,3,28,87,2019-03-28,8.49,2.08,13.65,19.44
2019,3,29,88,2019-03-29,9.95,4.3,15.99,19.22
2019,3,30,89,2019-03-30,12.2,6.87,18.49,20.88
2019,3,31,90,2019-03-31,13.14,6.64,19.45,20.96
2019,4,1,91,2019-04-01,13.29,6.41,18.77,18.35
2019,4,2,92,2019-04-02,12.9,8.83,18.45,15.57
2019,4,3,93,2019-04-03,9.24,6.32,11.88,3.72
2019,4,4,94,2019-04-04,8.97,4.26,14.08,1.61
2019,4,5,95,2019-04-05,8.76,1.08,16.12,14.63
2019,4,6,96,2019-04-06,9.82,5.14,15.01,10.85
2019,4,7,97,2019-04-07,8.19,6.02,10.01,6.59
2019,4,8,98,2019-04-08,10.75,4.39,17.84,20.49
2019,4,9,99,2019-04-09,11.86,6.83,18.01,18.46
2019,4,10,100,2019-04-10,11.12,6.99,14.65,14.79
2019,4,11,101,2019-04-11,10.25,8.54,12.78,5.26
2019,4,12,102,2019-04-12,10.63,7.53,14.7,12.23
2019,4,13,103,2019-04-13,10.39,6.79,15.15,13.04
2019,4,14,104,2019-04-14,7.77,5.51,10.02,8.16
2019,4,15,105,2019-04-15,10.55,4.07,16.03,21.08
2019,4,16,106,2019-04-16,11.46,6.92,15.4,15.78
2019,4,17,107,2019-04-17,14.17,8.52,19.69,21
2019,4,18,108,2019-04-18,13.6,7.92,19.13,18.67
2019,4,19,109,2019-04-19,13.53,7.16,18.69,21.11
2019,4,20,110,2019-04-20,14.59,8.22,20.76,22.64
2019,4,21,111,2019-04-21,13.93,9.43,18.57,16.8
2019,4,22,112,2019-04-22,12.76,9.5,17.97,18.71
2019,4,23,113,2019-04-23,11.43,9.52,14.2,4.07
2019,4,24,114,2019-04-24,12.43,8.76,15.61,5.44
2019,4,25,115,2019-04-25,12.59,7.14,17.53,7.3
2019,4,26,116,2019-04-26,13.1,8.52,18.44,14.73
2019,4,27,117,2019-04-27,13.13,6.69,20.13,23.35
2019,4,28,118,2019-04-28,11.94,6.68,17.27,22.14
2019,4,29,119,2019-04-29,11.22,5.11,16.62,20.18
2019,4,30,120,2019-04-30,13.91,6.24,21.06,24.73
2019,5,1,121,2019-05-01,14.2,7.41,20.86,24.7
2019,5,2,122,2019-05-02,13.32,8.22,18.7,18.13
2019,5,3,123,2019-05-03,12.7,9.37,16.43,13.25
2019,5,4,124,2019-05-04,13.29,8.53,18.04,18.42
2019,5,5,125,2019-05-05,8.49,5.39,12.99,12.77
2019,5,6,126,2019-05-06,10.72,3.76,17.42,26.06
2019,5,7,127,2019-05-07,11.41,5.81,17.6,21.61
2019,5,8,128,2019-05-08,9.96,6.66,12.85,2.63
2019,5,9,129,2019-05-09,13.13,6.82,19.61,23.18
2019,5,10,130,2019-05-10,15.24,10.08,21.15,22.11
2019,5,11,131,2019-05-11,14.65,9.05,20.32,9.07
2019,5,12,132,2019-05-12,13.13,8.93,18.23,12.27
2019,5,13,133,2019-05-13,14.43,7.79,21.01,20.37
2019,5,14,134,2019-05-14,13.71,7.53,19.34,22.65
2019,5,15,135,2019-05-15,11,4.68,16.93,21.7
2019,5,16,136,2019-05-16,13.12,7.51,18.84,22.17
2019,5,17,137,2019-05-17,12.05,8.33,15.68,13.15
2019,5,18,138,2019-05-18,11.44,9.96,13.66,6.1
2019,5,19,139,2019-05-19,11.83,9.81,13.86,9.03
2019,5,20,140,2019-05-20,12.34,9.13,15.82,8.99
2019,5,21,141,2019-05-21,15.99,9.02,22.82,25.55
2019,5,22,142,2019-05-22,16.88,9.61,23.4,25.26
2019,5,23,143,2019-05-23,17.34,12.02,23.23,26.67
2019,5,24,144,2019-05-24,16.83,11.62,21.35,22.78
2019,5,25,145,2019-05-25,16.87,13.52,21.11,16.42
2019,5,26,146,2019-05-26,16.06,12.1,20.14,15.97
2019,5,27,147,2019-05-27,14.86,12.09,17.5,4.31
2019,5,28,148,2019-05-28,14.26,11.68,17.4,13.88
2019,5,29,149,2019-05-29,15.53,9.3,20.95,17.21
2019,5,30,150,2019-05-30,16.39,8.76,22.63,27.4
2019,5,31,151,2019-05-31,17.42,10.4,22.73,27.67
2019,6,1,152,2019-06-01,19.72,13.55,25.3,27.48
2019,6,2,153,2019-06-02,21.61,15.97,27.14,27.97
2019,6,3,154,2019-06-03,22.04,15.92,27.98,27.92
2019,6,4,155,2019-06-04,21.78,16.99,26.96,25.74
2019,6,5,156,2019-06-05,20.95,15.97,26.62,25.74
2019,6,6,157,2019-06-06,18.25,14.16,22.94,15.99
2019,6,7,158,2019-06-07,18.43,12.54,23.99,25.73
2019,6,8,159,2019-06-08,20.46,14.8,26.04,26.7
2019,6,9,160,2019-06-09,19.85,15.19,24.92,14.48
2019,6,10,161,2019-06-10,21.35,17.41,25.64,5.91
2019,6,11,162,2019-06-11,19.08,14.94,22.53,15.74
2019,6,12,163,2019-06-12,19.85,14.25,25.49,24.84
2019,6,13,164,2019-06-13,19.01,12.33,25.11,29.24
2019,6,14,165,2019-06-14,21.18,15.25,26.64,26.63
2019,6,15,166,2019-06-15,21.37,16.03,26.91,23.91
2019,6,16,167,2019-06-16,22.93,15.59,28.59,28.93
2019,6,17,168,2019-06-17,23.31,17.08,28.23,27.7
2019,6,18,169,2019-06-18,24.01,17.66,28.35,27.58
2019,6,19,170,2019-06-19,23.99,18.57,29.17,26.81
2019,6,20,171,2019-06-20,22.78,17.45,27.99,22.75
2019,6,21,172,2019-06-21,22.32,18.4,26.04,24.78
2019,6,22,173,2019-06-22,21.47,17.73,25.41,17.36
2019,6,23,174,2019-06-23,23.06,16.49,28.43,28.5
2019,6,24,175,2019-06-24,25.33,19.12,30.6,28.11
2019,6,25,176,2019-06-25,26.58,19.81,32.13,27.8
2019,6,26,177,2019-06-26,28.53,22.36,33.7,27.91
2019,6,27,178,2019-06-27,31.43,25.19,38.29,28.7
2019,6,28,179,2019-06-28,30.52,25.08,36.27,28.31
2019,6,29,180,2019-06-29,26.98,22.21,32.35,27.76
2019,6,30,181,2019-06-30,27.88,20.71,33.87,28.16
2019,7,1,182,2019-07-01,27.67,22.4,32.09,23.04
2019,7,2,183,2019-07-02,27.84,22.14,32.67,28.53
2019,7,3,184,2019-07-03,25.27,21.58,28.72,24.4
2019,7,4,185,2019-07-04,24.6,20.42,29.11,28.13
2019,7,5,186,2019-07-05,26.88,20.4,33.37,28.83
2019,7,6,187,2019-07-06,27.01,21.15,33.81,27.4
2019,7,7,188,2019-07-07,26.88,21,33.64,27.9
2019,7,8,189,2019-07-08,26.37,19.48,32.7,26.58
2019,7,9,190,2019-07-09,23.19,19.77,26.23,20.67
2019,7,10,191,2019-07-10,23.41,19.35,28.79,25.12
2019,7,11,192,2019-07-11,22.48,17.42,27,14.79
2019,7,12,193,2019-07-12,24.19,18.01,30.64,27.76
2019,7,13,194,2019-07-13,24.73,18.7,31.1,27.85
2019,7,14,195,2019-07-14,23.27,16.02,29.16,26.27
2019,7,15,196,2019-07-15,17.4,14.51,20.18,10.48
2019,7,16,197,2019-07-16,22,16.52,26.73,28.09
2019,7,17,198,2019-07-17,23.21,18.18,28.24,26.85
2019,7,18,199,2019-07-18,22.98,18.94,27.02,25.35
2019,7,19,200,2019-07-19,23.75,18.67,28.47,24.14
2019,7,20,201,2019-07-20,24.52,19.59,29.69,22.66
2019,7,21,202,2019-07-21,25.91,19.95,32.71,26.73
2019,7,22,203,2019-07-22,26.86,20.45,32.65,24.79
2019,7,23,204,2019-07-23,28.81,23.16,33.59,25.74
2019,7,24,205,2019-07-24,29.45,23.73,34.65,25.77
2019,7,25,206,2019-07-25,29.59,23.82,35.21,25.22
2019,7,26,207,2019-07-26,28.52,22.68,34.74,26.09
2019,7,27,208,2019-07-27,22.84,20.08,25.92,15.36
2019,7,28,209,2019-07-28,22.73,18.19,28.3,17.84
2019,7,29,210,2019-07-29,24.44,16.91,31.54,26.38
2019,7,30,211,2019-07-30,25.45,18.92,32.36,26.24
2019,7,31,212,2019-07-31,25.29,19.99,30.91,20.92
2019,8,1,213,2019-08-01,25.38,19.98,31.31,24.17
2019,8,2,214,2019-08-02,24.44,19.84,29.68,16.51
2019,8,3,215,2019-08-03,25.01,18.84,30.98,26.27
2019,8,4,216,2019-08-04,25.23,19.89,30.9,25.35
2019,8,5,217,2019-08-05,25.63,18.7,32.96,24.76
2019,8,6,218,2019-08-06,24.97,19.9,30.32,20.56
2019,8,7,219,2019-08-07,22.52,19.61,25.91,11.93
2019,8,8,220,2019-08-08,24.25,18.64,29.7,24.48
2019,8,9,221,2019-08-09,25.96,19.79,31.41,23.18
2019,8,10,222,2019-08-10,26.91,21.84,33.31,21.97
2019,8,11,223,2019-08-11,25.63,21.28,30.87,21.01
2019,8,12,224,2019-08-12,23.65,19.39,29.67,16.39
2019,8,13,225,2019-08-13,22.02,15.59,27.82,18.61
2019,8,14,226,2019-08-14,21.53,14.01,27.57,21.77
2019,8,15,227,2019-08-15,22.26,16.48,28.31,21.02
2019,8,16,228,2019-08-16,22.31,16.18,27.87,22.46
2019,8,17,229,2019-08-17,22.96,16.45,29.18,17.48
2019,8,18,230,2019-08-18,23.94,17.36,31.22,21.16
2019,8,19,231,2019-08-19,24.3,18.45,30.57,19.51
2019,8,20,232,2019-08-20,23.27,19.04,27.87,13.12
2019,8,21,233,2019-08-21,24.21,17.94,30.16,21.98
2019,8,22,234,2019-08-22,21.5,19.07,24.8,18.61
2019,8,23,235,2019-08-23,22.94,19.04,27.03,11.49
2019,8,24,236,2019-08-24,23.09,18.21,27.85,19.82
2019,8,25,237,2019-08-25,24.19,18.16,30.22,21.72
2019,8,26,238,2019-08-26,24.8,18.89,30.58,21.49
2019,8,27,239,2019-08-27,24.98,20.02,29.47,20.18
2019,8,28,240,2019-08-28,22.08,19.92,23.76,6.21
2019,8,29,241,2019-08-29,24.87,19.73,30.79,21.36
2019,8,30,242,2019-08-30,25.85,19.62,31.61,20.63
2019,8,31,243,2019-08-31,23.31,19.92,26.18,18.6
2019,9,1,244,2019-09-01,24.48,19.83,29.3,20.69
2019,9,2,245,2019-09-02,23.69,19.59,28.42,19.93
2019,9,3,246,2019-09-03,21.87,16.3,27.4,21.15
2019,9,4,247,2019-09-04,21.31,15.2,27.27,19.47
2019,9,5,248,2019-09-05,19.79,12.93,25.38,15.36
2019,9,6,249,2019-09-06,14.68,12.74,17.09,6.12
2019,9,7,250,2019-09-07,17.98,11.9,24.11,15.47
2019,9,8,251,2019-09-08,16.66,12.56,21.69,16.62
2019,9,9,252,2019-09-09,16.54,9.2,23.16,20.49
2019,9,10,253,2019-09-10,15.45,12.35,18.41,11.01
2019,9,11,254,2019-09-11,19.76,13.16,25.88,19.49
2019,9,12,255,2019-09-12,21.47,15.36,27.62,19.45
2019,9,13,256,2019-09-13,22.08,15.63,27.77,18.87
2019,9,14,257,2019-09-14,22.08,16.25,28.24,18.37
2019,9,15,258,2019-09-15,22.56,17.8,28.13,16.72
2019,9,16,259,2019-09-16,23.37,17.8,30.03,18.18
2019,9,17,260,2019-09-17,23.44,18.24,30.66,18.01
2019,9,18,261,2019-09-18,20.85,16.53,26.96,NA
2019,9,19,262,2019-09-19,17.13,13.68,21.77,11.5
2019,9,20,263,2019-09-20,15.74,10.88,21.54,13.43
2019,9,21,264,2019-09-21,15.42,10.07,20.75,17.09
2019,9,22,265,2019-09-22,14.81,12.29,18.47,7.43
2019,9,23,266,2019-09-23,17,11.73,24.07,12.75
2019,9,24,267,2019-09-24,17.77,12.18,24,12.24
2019,9,25,268,2019-09-25,18.42,13.68,25.61,15.42
2019,9,26,269,2019-09-26,18.58,13.11,24.88,13.84
2019,9,27,270,2019-09-27,18.69,13.29,25.33,8.89
2019,9,28,271,2019-09-28,19.66,14.91,26.39,12.93
2019,9,29,272,2019-09-29,18.75,14.3,25.69,13.7
2019,9,30,273,2019-09-30,19.98,14.41,27.9,15.75
2019,10,1,274,2019-10-01,18.8,13.78,24.36,11.11
2019,10,2,275,2019-10-02,18.93,13.84,25.2,14.85
2019,10,3,276,2019-10-03,14.75,9.17,21.75,15.97
2019,10,4,277,2019-10-04,12.95,8.21,17.93,9.9
2019,10,5,278,2019-10-05,15.68,8.6,23.47,14.46
2019,10,6,279,2019-10-06,14.49,9.6,20.12,9.43
2019,10,7,280,2019-10-07,14.69,9.45,21.74,13.85
2019,10,8,281,2019-10-08,13.67,7.87,20.73,12.09
2019,10,9,282,2019-10-09,13.22,10.07,18.59,2.8
2019,10,10,283,2019-10-10,14.11,8.76,21.76,12.76
2019,10,11,284,2019-10-11,13.64,7.82,19.93,11.65
2019,10,12,285,2019-10-12,13.58,9,19.18,10.65
2019,10,13,286,2019-10-13,14.93,11.3,20.43,9.76
2019,10,14,287,2019-10-14,15.96,12.01,21.56,8.57
2019,10,15,288,2019-10-15,14.48,11.21,18.16,2.01
2019,10,16,289,2019-10-16,13.27,7.08,19.63,13.07
2019,10,17,290,2019-10-17,13.71,9.28,19.16,10.5
2019,10,18,291,2019-10-18,13.87,10.94,18.17,4.47
2019,10,19,292,2019-10-19,14.76,12.12,19.06,2.53
2019,10,20,293,2019-10-20,15.18,12.47,18.6,3.2
2019,10,21,294,2019-10-21,16.26,14.45,19.32,2.35
2019,10,22,295,2019-10-22,15.25,13.56,18.79,8.15
2019,10,23,296,2019-10-23,15.4,12.61,18.98,7.89
2019,10,24,297,2019-10-24,13.44,12.74,14.3,2
2019,10,25,298,2019-10-25,15.83,12.9,21.14,10.19
2019,10,26,299,2019-10-26,15.75,10.85,21.1,10.87
2019,10,27,300,2019-10-27,15.92,12.26,21.16,10.63
2019,10,28,301,2019-10-28,15.15,12.55,19.89,7.89
2019,10,29,302,2019-10-29,14.71,12.44,19.44,4.03
2019,10,30,303,2019-10-30,12.28,9.7,16.46,3.43
2019,10,31,304,2019-10-31,9.61,8.3,11.78,3.4
2019,11,1,305,2019-11-01,9.76,7.93,13.05,4.4
2019,11,2,306,2019-11-02,8.96,7.49,11.38,3.8
2019,11,3,307,2019-11-03,8.38,6.22,10.94,1.17
2019,11,4,308,2019-11-04,10.59,6.18,16.99,7.67
2019,11,5,309,2019-11-05,10.64,7.12,15.94,7.6
2019,11,6,310,2019-11-06,7.53,5.29,10.34,2.83
2019,11,7,311,2019-11-07,6.94,3.41,10.74,2.24
2019,11,8,312,2019-11-08,7.06,5.27,10.07,2.47
2019,11,9,313,2019-11-09,6.6,1.94,12.56,8.66
2019,11,10,314,2019-11-10,5.54,2.88,9.29,7.12
2019,11,11,315,2019-11-11,4.98,3.15,7.35,2.6
2019,11,12,316,2019-11-12,5.49,1.69,12.53,4.2
2019,11,13,317,2019-11-13,5.51,0.15,13.07,8.58
2019,11,14,318,2019-11-14,3.65,0.07,6.11,2.37
2019,11,15,319,2019-11-15,6.27,4.7,7.38,1.34
2019,11,16,320,2019-11-16,5.11,3.33,7.58,3.43
2019,11,17,321,2019-11-17,4.64,2.96,7.85,1.58
2019,11,18,322,2019-11-18,4.42,2.33,7.19,3.07
2019,11,19,323,2019-11-19,5.13,3.44,6.35,1.16
2019,11,20,324,2019-11-20,7.14,6.16,9.44,4.25
2019,11,21,325,2019-11-21,6.67,4.71,9.44,3.76
2019,11,22,326,2019-11-22,6,5.13,7.18,1.6
2019,11,23,327,2019-11-23,8.11,5.65,9.86,1.36
2019,11,24,328,2019-11-24,9.82,8.99,11.29,1.41
2019,11,25,329,2019-11-25,10.73,8.57,14.49,6.06
2019,11,26,330,2019-11-26,9.15,6.77,12.55,4.08
2019,11,27,331,2019-11-27,8.22,6.57,11.06,1.16
2019,11,28,332,2019-11-28,7.03,5.65,10.5,3.92
2019,11,29,333,2019-11-29,7.7,4.82,13.36,4.99
2019,11,30,334,2019-11-30,5.34,1.79,11.01,6.25
2019,12,1,335,2019-12-01,4.43,3.17,5.35,0.91
2019,12,2,336,2019-12-02,5.07,1.87,10.45,5.57
2019,12,3,337,2019-12-03,4.5,1.23,8.88,3.86
2019,12,4,338,2019-12-04,2.29,-0.99,6.22,5.71
2019,12,5,339,2019-12-05,2.67,0.75,6.46,6.53
2019,12,6,340,2019-12-06,1.95,-0.09,6.15,4.76
2019,12,7,341,2019-12-07,4.35,0.75,9.75,6.4
2019,12,8,342,2019-12-08,3.96,1.09,5.95,5.11
2019,12,9,343,2019-12-09,5.43,2.98,8.72,5.12
2019,12,10,344,2019-12-10,4.26,0.72,10.25,6.5
2019,12,11,345,2019-12-11,1.16,-1,4.26,3.67
2019,12,12,346,2019-12-12,0.7,-1.81,5.97,2.32
2019,12,13,347,2019-12-13,0.18,-1.74,2.21,2.05
2019,12,14,348,2019-12-14,5.27,1.84,10.02,6.09
2019,12,15,349,2019-12-15,4.09,2.22,5.6,2.05
2019,12,16,350,2019-12-16,5.2,4.34,6.34,0.74
2019,12,17,351,2019-12-17,5.97,5.46,6.53,0.99
2019,12,18,352,2019-12-18,7.2,6.19,8.89,1.38
2019,12,19,353,2019-12-19,7.38,6.59,8.64,1.21
2019,12,20,354,2019-12-20,7.6,5.83,9.4,0.93
2019,12,21,355,2019-12-21,6.88,4.23,11.56,4.04
2019,12,22,356,2019-12-22,6.48,2.93,12.7,5.65
2019,12,23,357,2019-12-23,6.64,4.33,12.51,6.07
2019,12,24,358,2019-12-24,6.55,2.8,11.47,3.13
2019,12,25,359,2019-12-25,6.73,2.84,12.76,6.23
2019,12,26,360,2019-12-26,3.72,2.16,7.55,4.38
2019,12,27,361,2019-12-27,3.46,1.31,6.73,5.19
2019,12,28,362,2019-12-28,3.27,1.06,7.82,5.79
2019,12,29,363,2019-12-29,2.12,0.86,5.6,4.34
2019,12,30,364,2019-12-30,0.99,-1.19,4.09,4.97
2019,12,31,365,2019-12-31,2.72,-0.9,7.47,5.89
